1|鴨仔聽雷。|Ah-á thiann luî.|slang|指鴨子聽到雷聲，並不知道是怎麼回事。比喻一個人對所接收的訊息無法理解。比喻一個人對所接收的訊息無法理解。|https://sutian.moe.edu.tw//zh-hant/su/27204/
2|愛拚才會贏。|Ài piànn tsiah ē iânn.|slang|要努力才會贏。比喻唯有努力奮鬥，才能克服困難，成就一番事業。|https://sutian.moe.edu.tw//zh-hant/su/27161/
3|愛媠毋驚流鼻水。|Ài-suí m̄ kiann lâu phīnn-tsuí.|slang|為了展示自己姣好的身材，天氣再冷，寧可挨寒受凍，也不願多穿衣服。常用以揶揄女性愛美，寧可付出代價，也在所不惜。|https://sutian.moe.edu.tw//zh-hant/su/27162/
4|暗頓減食一口，活甲九十九。|Àm-tǹg kiám tsia̍h tsi̍t kháu, ua̍h kah káu-tsa̍p-káu.|slang|晚餐少吃一口，活到九十九。說明晚餐的食用量少一點，有益身體健康。|https://sutian.moe.edu.tw//zh-hant/su/27164/
5|翁仔某是相欠債。|Ang-á-bóo sī sio-khiàm-tsè.|slang|今世有緣結為夫妻，乃因前世因果，互相欠債所致。夫妻意見不合相互爭吵時，常用這句話來勸雙方姻緣前定，應以和為貴。|https://sutian.moe.edu.tw//zh-hant/su/27093/
6|翁某若仝心，烏塗變成金。|Ang-bóo nā kāng-sim, oo-thôo piàn-sîng kim.|slang|夫妻若同心協力，沒有價值的黑土都能變成高價值的東西。比喻夫妻和諧，一起努力，任何事都可成就。|https://sutian.moe.edu.tw//zh-hant/su/27094/
7|尪姨順話尾，假童害眾人。|Ang-î sūn uē-bué, ké tâng hāi tsìng-lâng.|slang|靈媒會順著對方的心意說話，假冒之乩童故意裝神弄鬼來欺騙人。此指靈媒、乩童借揣摩情況來決定說話的內容，而人也因輕信巫術鬼神而身受其害。|https://sutian.moe.edu.tw//zh-hant/su/27026/
8|翁親某親，老婆仔拋捙輪。|Ang tshin bóo tshin, lāu-pô-á pha-tshia-lin.|slang|夫妻恩愛，老婆婆翻筋斗也不管。「老婆仔」是指年邁的母親，「拋捙輪」是翻筋斗，這裡指老母親跌倒了在地上打滾，子女卻置之腦後、棄之不顧。整句比喻夫妻二人恩恩愛愛，置年邁雙親於不顧。|https://sutian.moe.edu.tw//zh-hant/su/27095/
9|紅媠，烏大範。|Âng suí, oo tuā-pān.|slang|紅色美麗，黑色大方。形容人衣著色彩，紅色顯得鮮豔亮麗，黑色呈現高貴大方，有氣質、有風味。也可指衣服之外的東西。|https://sutian.moe.edu.tw//zh-hant/su/27061/
10|䆀猴𠢕欠數。|Bái-kâu gâu khiàm-siàu.|slang|難纏的客人愛賒帳。形容人外型不佳又愛賒帳。|https://sutian.moe.edu.tw//zh-hant/su/27217/
11|目睭花花，匏仔看做菜瓜。|Ba̍k-tsiu hue-hue, pû-á khuànn-tsò tshài-kue.|slang|眼睛看不清楚，瓠瓜看成絲瓜。嘲笑別人一時恍神，把形狀相近的物品看成別的東西。|https://sutian.moe.edu.tw//zh-hant/su/26983/
12|目睭看懸，無看低。|Ba̍k-tsiu khuànn-kuân, bô khuànn-kē.|slang|眼睛長在頭頂上，看上不看下。形容人走路不看路。引申為人勢利，看不起身分較低的人。|https://sutian.moe.edu.tw//zh-hant/su/26986/
13|目睭看佇粿，跤踏著火。|Ba̍k-tsiu khuànn tī kué, kha ta̍h-tio̍h hué.|slang|眼睛看著糕品，腳踩到火。用來勸人做事不要只顧當前的好處，而忘了週遭的危險，以免身陷險境而不知。|https://sutian.moe.edu.tw//zh-hant/su/26985/
14|目睭金金人傷重。|Ba̍k-tsiu kim-kim lâng siong-tiōng.|slang|眼睛睜大，病情嚴重。形容人病得很嚴重，只能張大眼睛，無法動彈；也用來比喻遇到事情束手無策，只能乾瞪眼而沒辦法處理。|https://sutian.moe.edu.tw//zh-hant/su/26984/
15|目睭掛斗概，看人物就愛。|Ba̍k-tsiu kuà táu-kài, khuànn lâng mi̍h tō ài.|slang|眼睛掛著平斗的木概，看到別人的東西就想要。用來形容人過於貪心。以前用「斗」來測量穀物豆類等東西的份量，斗概是一長形木條，用來把斗口高出的部分撥平以得到準確的量。販售商人的習慣是只往內撥、不往外撥，有招財之意。所以用眼睛掛著斗概，來比喻想把別人的東西納為己有的貪婪心態。|https://sutian.moe.edu.tw//zh-hant/su/26987/
16|慢牛厚屎尿。|Bān gû kāu-sái-jiō.|slang|行動遲緩的牛屎尿多。比喻懶惰的人做事不乾脆，常找藉口逃避或延遲該盡的責任。|https://sutian.moe.edu.tw//zh-hant/su/27183/
17|萬事起頭難。|Bān-sū khí-thâu lân.|slang|一切事情開頭階段都很困難。意指事情剛開始的時候，都比較困難，只要不放棄，繼續做，久了就會順手、熟練。|https://sutian.moe.edu.tw//zh-hant/su/27169/
18|買賣算分，相請無論。|Bé-bē sǹg hun, sio-tshiánn bô lūn.|slang|做生意就得把帳目算個清楚，至於請客吃飯，則無需計較。說明生意與交情的界線理應分明。|https://sutian.moe.edu.tw//zh-hant/su/27152/
19|買田愛揀好田底，娶某愛揀好娘嬭。|Bé tshân ài kíng hó tshân té, tshuā-bóo ài kíng hó niû-lé.|slang|買田地，要慎選土質好的田地；娶老婆，要先觀察女方母親之行為舉止。意即有其母必有其女，用來說明選妻子時對方家教的重要。|https://sutian.moe.edu.tw//zh-hant/su/27150/
20|買厝，買厝邊。|Bé tshù, bé tshù-pinn.|slang|買房子要慎選好鄰居。強調選擇住家時，鄰居的好壞至關重要。|https://sutian.moe.edu.tw//zh-hant/su/27151/
21|袂曉剃頭，拄著鬍鬚。|Bē-hiáu thì-thâu, tú-tio̍h hôo-tshiu.|slang|不會理髮，遇到大鬍子。理髮師技術還不夠純熟，首次上場就遇到一個大鬍子的客人，以致於手忙腳亂，不知道該如何是好。比喻在經驗不足的情況下，偏偏碰上了棘手的難題。|https://sutian.moe.edu.tw//zh-hant/su/27098/
22|賣茶講茶芳，賣花講花紅。|Bē tê kóng tê phang, bē hue kóng hue âng.|slang|賣茶葉的人強調自己賣的茶葉有多香；賣花的人強調自己賣的花顏色有多麼的鮮豔。比喻為了要把自己的產品推銷出去，生意人總會強調其產品具有什麼特色，藉此吸引顧客的目光。比喻老王賣瓜，自賣自誇。|https://sutian.moe.edu.tw//zh-hant/su/27194/
23|欲好額等後世，欲做官學做戲。|Beh hó-gia̍h tán āu-sì, beh tsò-kuann o̍h tsò-hì.|slang|如果想發財就等下輩子，如果想當官，去戲班子演戲就能過乾癮。諷刺人此生再無致富與升官的機會，有時也用來自嘲。|https://sutian.moe.edu.tw//zh-hant/su/27115/
24|無米有舂臼，無囝抱新婦。|Bô bí ū tsing-khū, bô kiánn phō sin-pū.|slang|沒有米卻有搗米的臼；沒有兒子領養一個童養媳。形容人只會做白日夢，不切實際。|https://sutian.moe.edu.tw//zh-hant/su/27140/
25|無牛駛馬。|Bô gû sái bé.|slang|沒有牛只能用馬匹來替代。形容退而求其次，暫且代用的無奈。|https://sutian.moe.edu.tw//zh-hant/su/27139/
26|無魚，蝦嘛好。|Bô hî, hê mā hó.|slang|捉不到魚，捉到蝦子也好。比喻退而求其次，聊勝於無。|https://sutian.moe.edu.tw//zh-hant/su/27144/
27|無彼號尻川，想欲食彼號瀉藥。|Bô hit-lō kha-tshng, siūnn-beh tsia̍h hit-lō sià-io̍h.|slang|沒有那種屁股，想吃那種瀉藥。形容人沒有那種能耐，卻妄想做那種事。比喻一個人自不量力。|https://sutian.moe.edu.tw//zh-hant/su/27141/
28|無日毋知晝，無鬚毋知老。|Bô ji̍t m̄ tsai tàu, bô tshiu m̄ tsai lāu.|slang|沒出太陽，不知已經到中午了；沒留鬍子，不易察覺人已老邁。比喻光陰易逝，很容易在不知不覺中荒廢。|https://sutian.moe.edu.tw//zh-hant/su/27137/
29|無枷夯交椅。|Bô kê giâ kau-í.|slang|沒有枷鎖等刑具可披枷帶鎖，竟然將太師椅扛在身上。比喻自找麻煩，庸人自擾。|https://sutian.moe.edu.tw//zh-hant/su/27142/
30|無禁無忌，食百二。|Bô-kìm-bô-khī, tsia̍h pah-jī.|slang|形容人百無禁忌，毫無忌諱，便能長壽活到一百二十歲。通常是觸碰禁忌者用來自我安慰的說法。|https://sutian.moe.edu.tw//zh-hant/su/27145/
31|無毛雞假大格。|Bô môo ke ké tuā-keh.|slang|發育不良羽毛稀疏的雞假冒成體格高大。比喻一個人明明沒錢還裝闊；或指人明明沒有才能，還裝出很有本事的樣子。|https://sutian.moe.edu.tw//zh-hant/su/27138/
32|無通生食，哪有通曝乾。|Bô thang tshenn tsia̍h, ná ū thang pha̍k-kuann.|slang|生吃都不夠，哪能晒成乾？比喻數量不足，不可能有多餘的留下來。也指個人或家計窘困，沒有餘錢作額外支出。|https://sutian.moe.edu.tw//zh-hant/su/27143/
33|罔趁較袂散。|Bóng thàn khah bē sàn.|slang|多少賺一點，才不致於陷入窮困。說明即使利潤非常小，也應積極賺取。|https://sutian.moe.edu.tw//zh-hant/su/27037/
34|某大姊，坐金交椅。|Bóo-tuā-tsí, tsē kim kau-í.|slang|娶年長的妻子就像坐上太師椅。形容少夫老妻，丈夫很受寵、頗享福。|https://sutian.moe.edu.tw//zh-hant/su/27053/
35|無三不成禮。|Bû sam put sîng lé.|slang|送禮、致敬要一而再，再而三。比喻禮多人不怪。|https://sutian.moe.edu.tw//zh-hant/su/27136/
36|未食五日節粽，破裘毋甘放。|Buē tsia̍h Gōo-ji̍t-tseh tsàng, phuà hiû m̄ kam pàng.|slang|還沒吃端午節粽子，破棉襖捨不得放。臺灣的氣候在端午節之前，都還可能有轉冷，所以還沒過端午節，冬衣不能收起來，是前人觀察天氣變化所得的經驗。|https://sutian.moe.edu.tw//zh-hant/su/26971/
37|未曾學行先學飛，未曾掖種想挽瓜。|Buē-tsîng o̍h kiânn sing o̍h pue, buē-tsîng iā-tsíng siūnn bán kue.|slang|還不會走路就想學飛，尚未播種竟妄想收成瓜果。指人要循序漸進的學習與按步就班的耕作才會有所收穫，絕無一步登天或不勞而獲的道理。|https://sutian.moe.edu.tw//zh-hant/su/26970/
38|會曉偷食，袂曉拭喙。|Ē-hiáu thau tsia̍h, bē-hiáu tshit tshuì.|slang|只知道要偷吃，卻不知道要把嘴巴擦乾淨。比喻做壞事後，不懂得湮滅證據，讓人發現。|https://sutian.moe.edu.tw//zh-hant/su/27167/
39|會咬人的狗袂吠。|Ē kā--lâng ê káu bē puī.|slang|會咬人的狗不會叫。比喻城府甚深之人少言，不易流露其情緒。|https://sutian.moe.edu.tw//zh-hant/su/27047/
40|會跋才會大。|Ē pua̍h tsiah ē tuā.|slang|小孩學習走路時，要跌倒過才能順利成長。比喻人要經歷過失敗、挫折，才能成就事業。|https://sutian.moe.edu.tw//zh-hant/su/27166/
41|會生得囝身，袂生得囝心。|Ē-senn-tit kiánn sin, bē-senn-tit kiánn sim.|slang|能夠生出孩子的身體，卻不能生出孩子的心思。意為雖然兒女是父母所生，但也有自己的意志，父母不能任意左右；或指教育孩子很不容易，往往不能按照父母的期待。|https://sutian.moe.edu.tw//zh-hant/su/27165/
42|疑人，毋成賊。|Gî lâng, m̄ tsiânn tsha̍t.|slang|光憑懷疑，並無法認定某人就是賊。謂凡事都要講求證據，不能只因內心懷疑，便將人入罪。|https://sutian.moe.edu.tw//zh-hant/su/27184/
43|攑頭三尺有神明。|Gia̍h-thâu sann tshioh ū sîn-bîng.|slang|抬起頭三尺高處就有神明察看著。告誡人們做事前要三思，因為冥冥之中都有神在監督著我們的一言一行，千萬別做虧心事，否則將招致報應。|https://sutian.moe.edu.tw//zh-hant/su/27133/
44|嚴官府出厚賊；嚴爸母出阿里不達。|Giâm kuann-hú tshut kāu tsha̍t; giâm pē-bú tshut a-lí-put-ta̍t.|slang|過於嚴苛的官府，小偷反而更加猖狂；父母管教過嚴，小孩越是不成材。喻適當的律法及教育更為重要。|https://sutian.moe.edu.tw//zh-hant/su/27228/
45|囡仔人尻川三斗火。|Gín-á-lâng kha-tshng sann táu hué.|slang|小孩屁股有三盆火。比喻小孩子血氣方盛，屁股好似有火般的熱度，此處用來形容孩子不怕冷。|https://sutian.moe.edu.tw//zh-hant/su/26989/
46|囡仔人有耳無喙。|Gín-á-lâng ū-hīnn-bô-tshuì.|slang|小孩子有耳朵沒嘴巴。指叫小孩聽話就好，不要多問。通常使用於大人說話時，若小孩插嘴或發問，便會以這句話來阻止小孩開口。|https://sutian.moe.edu.tw//zh-hant/su/27021/
47|戇的也有一項會。|Gōng--ê iā ū tsi̍t hāng ē.|slang|笨的人也有一項他會的才能。比喻天生我才必有用。|https://sutian.moe.edu.tw//zh-hant/su/27235/
48|五肢指頭仔伸出來無平長。|Gōo ki tsíng-thâu-á tshun--tshut-lâi bô pênn tn̂g.|slang|指五根手指頭伸出來不可能一樣長，必有所歧異。如同兄弟姊妹其聰明才智並非一致，仍舊有所不同。|https://sutian.moe.edu.tw//zh-hant/su/26941/
49|牛牢內觸牛母。|Gû-tiâu-lāi tak gû-bó.|slang|牛圈裡鬥母牛。比喻兄弟或同志只善內鬥、欺負弱小，卻不能抵禦外侮、克服強敵，反而被人看扁了。|https://sutian.moe.edu.tw//zh-hant/su/26961/
50|牛就是牛，牽到北京也是牛。|Gû tō sī gû, khan kàu Pak-kiann iā sī gû.|slang|把窮鄉僻壤的牛，牽到人文薈萃的京城，固執的牛脾氣還是依舊。形容人的個性不可能改變，縱使換了環境還是原來的樣子。|https://sutian.moe.edu.tw//zh-hant/su/26960/
51|外甥食母舅，親像食豆腐。|Guē-sing tsia̍h bú-kū, tshin-tshiūnn tsia̍h tāu-hū.|slang|外甥佔舅父的便宜，像是吃豆腐那樣簡單。喻外甥要倚靠舅父幫忙或讓舅父請客較為容易。|https://sutian.moe.edu.tw//zh-hant/su/26968/
52|校長兼摃鐘。|Hāu-tiúnn kiam kòng tsing.|slang|校長兼做敲鐘的工作。「摃鐘」指敲響學校上下課的鐘聲，以學校最高職務的校長，還需兼做敲鐘報時的工作，來形容一個人身兼數職，而且多半是指一手包攬整個單位、團體或專案的大小事。|https://sutian.moe.edu.tw//zh-hant/su/27086/
53|痚呴袂忍得嗽。|He-ku bē lún tit sàu.|slang|氣喘忍不住要咳嗽。形容人忍無可忍，不吐不快。|https://sutian.moe.edu.tw//zh-hant/su/27156/
54|戲館邊的豬母，袂歕簫嘛會拍拍。|Hì-kuán pinn ê ti-bó, bē pûn siau mā ē phah-phik.|slang|戲館邊的母豬，戲聽多了，不會吹簫，也會打拍子。比喻常見無難事；或指人易受周圍環境影響。|https://sutian.moe.edu.tw//zh-hant/su/27190/
55|戲棚跤徛久就是你的。|Hì-pênn-kha khiā kú tō sī lí ê.|slang|戲臺下站久了就是你的。勸人做事要有耐性，如能持之以恆，成功必屬於你的。|https://sutian.moe.edu.tw//zh-hant/su/27210/
56|嫌貨才是買貨人。|Hiâm huè tsiah-sī bé huè lâng.|slang|會挑貨物毛病的人，才是真正有意要買的人。意即客人會對貨物表示意見才是真正要購買的人。|https://sutian.moe.edu.tw//zh-hant/su/27160/
57|兄弟若仝心，烏塗變成金。|Hiann-tī nā kāng sim, oo-thôo piàn-sîng kim.|slang|兄弟若能同心，黑土也能變黃金。意謂兄弟同心耕作，可種出大量作物，賺足金錢，就像是把田裡烏黑的泥土變成黃金一樣。鼓勵手足之間應通力合作，便能得到耀眼的成果。|https://sutian.moe.edu.tw//zh-hant/su/26965/
58|僥倖錢，失德了；冤枉錢，跋輸筊。|Hiau-hīng-tsînn, sit-tik liáu; uan-óng-tsînn, pua̍h-su kiáu.|slang|不義之財，會因為做不道德的事而花光；冤屈人家所得到的橫財，也會賭博全輸光。誡人勿貪非分及不義之財，不義之財，怎麼來就怎麼去。|https://sutian.moe.edu.tw//zh-hant/su/27182/
59|耳仔生兩葉，家己看袂著。|Hīnn-á senn nn̄g hio̍h, ka-kī khuànn bē tio̍h.|slang|耳朵雖然有兩片，但自己卻無法看見自己的耳朵。意指人看不見自己的缺點。或指人不會反省自己的缺點，卻偏要談論別人的缺失。|https://sutian.moe.edu.tw//zh-hant/su/27017/
60|好額毋值著會食，好命毋值著勇健。|Hó-gia̍h m̄-ta̍t-tio̍h ē tsia̍h, hó-miā m̄-ta̍t-tio̍h ióng-kiānn.|slang|富有不如能享口福，命好不如身體健康。說明有食欲、身體健康比起財富或運勢都還更重要。|https://sutian.moe.edu.tw//zh-hant/su/26999/
61|好好鱟刣甲屎那流。|Hó-hó hāu thâi kah sái ná lâu.|slang|好好的鱟，竟然被宰殺得一團糟。「鱟」是海中的節肢動物，為古代的活化石，個性溫和，被宰殺時也不會掙扎抵抗；「屎那流」指屎尿都流出來了。譏諷人做事不得要領，將簡單之事弄得一團糟。|https://sutian.moe.edu.tw//zh-hant/su/26997/
62|好也一句，歹也一句。|Hó iā tsi̍t kù, pháinn iā tsi̍t kù.|slang|好聽的也是一句話，難聽的也是一句話。一句話的好壞會影響聽者日後的行為，所以與人交談不可不慎。|https://sutian.moe.edu.tw//zh-hant/su/26992/
63|好囝毋免濟，濟囝餓死爸。|Hó-kiánn m̄-bián tsē, tsē kiánn gō-sí pē.|slang|好兒子不必多，兒子多了徒增父母的負擔。比喻出色的孩子不必多，能孝順父母者最為重要。|https://sutian.moe.edu.tw//zh-hant/su/26996/
64|好歹在心內，喙脣皮相款待。|Hó-pháinn tsāi sim-lāi, tshuì-tûn-phuê sio khuán-thāi.|slang|不管好壞都放在心裡，見面三分情，口頭上還是要客客氣氣，以禮相待。|https://sutian.moe.edu.tw//zh-hant/su/26994/
65|好心予雷唚。|Hó-sim hōo luî tsim.|slang|一番好意卻慘遭雷吻。比喻好心沒好報。|https://sutian.moe.edu.tw//zh-hant/su/26993/
66|好田地不如好子弟。|Hó tshân-tē put-jû hó tsú-tē.|slang|擁有良田，不如栽培良好的子孫。意即土地、財富固然重要，但子孫的人品與才學，比財富更有價值。|https://sutian.moe.edu.tw//zh-hant/su/26995/
67|好酒沉甕底。|Hó-tsiú tîm àng-té.|slang|好酒會沉到酒甕的底部，愈陳愈香。比喻好的、精彩的事物，總是留在最後面才出現。|https://sutian.moe.edu.tw//zh-hant/su/26998/
68|胡蠅舞屎桮。|Hôo-sîn bú sái-pue.|slang|蒼蠅想舞動用來擦拭屁股的竹片。恥笑人做事不自量力，妄想改變無法改變的事實，非但徒勞無功反而淪為笑柄。|https://sutian.moe.edu.tw//zh-hant/su/27062/
69|互相落氣，求進步。|Hōo-siong làu-khuì, kiû tsìn-pōo.|slang|相互挑出對方之短處，來追求進步。意思是一來一往檢討雙方各自的缺點，是一種求取進步的方法。|https://sutian.moe.edu.tw//zh-hant/su/26940/
70|歡歡喜喜一工，煩煩惱惱也一工。|Huann-huann-hí-hí tsi̍t kang, huân-huân-ló-ló iā tsi̍t kang.|slang|快樂也是過一天，憂愁也是過一天。意為不管是快樂還是煩惱，日子還是要過，不如保持快樂的心情來面對困難。勸人樂觀進取，不要太過悲觀。|https://sutian.moe.edu.tw//zh-hant/su/27230/
71|花無百日紅，人無千日好。|Hue bô pah ji̍t âng, lâng bô tshian ji̍t hó.|slang|花不會延續百日的鮮紅，人不會維持千日的順遂。花開得美，總會有凋謝的時候，人生際遇也不會永遠處於順境。比喻人生是起起伏伏的，本來就無法永遠順利。|https://sutian.moe.edu.tw//zh-hant/su/27038/
72|和尚頭掠蝨母。|Huê-siūnn thâu lia̍h sat-bó.|slang|在理光頭的和尚頭上找蝨子。形容人緣木求魚，注定失敗。|https://sutian.moe.edu.tw//zh-hant/su/27029/
73|也著箠，也著糜。|Iā tio̍h tshuê, iā tio̍h muê.|slang|也要竹鞭，也要稀飯。「箠」是用來當作體罰用具的竹鞭。這句話表示教養小孩也得責打、也得疼愛。比喻父母教導子女要寬嚴得宜、慈威並施、賞罰並重、教養兼顧，要撫育也要矯正，方有效果。|https://sutian.moe.edu.tw//zh-hant/su/26918/
74|閹雞趁鳳飛。|Iam-ke thàn hōng pue.|slang|去勢的公雞因體型較為肥大，拙於飛行，卻想模仿鳳凰飛翔。比喻如同東施效顰一樣想模仿別人。|https://sutian.moe.edu.tw//zh-hant/su/27209/
75|枵鬼假細膩。|Iau-kuí ké sè-jī.|slang|明明嘴饞想吃卻又客氣推辭。諷刺人表裡不一，惺惺作態。|https://sutian.moe.edu.tw//zh-hant/su/27078/
76|陰鴆陰鴆，咬人三寸深。|Im-thim-im-thim, kā lâng sann tshùn tshim.|slang|性格陰險的人工於心計，平時不動聲色，一旦發狠咬人，就會咬得很深，毫不留情。勸戒人要謹防陰險狠毒之徒。|https://sutian.moe.edu.tw//zh-hant/su/27123/
77|圓人會扁，扁人會圓。|Înn--lâng ē pínn, pínn--lâng ē înn.|slang|世事本無常，旺氣之人亦會有落衰之時；反之，衰微之人如能奮發向上亦會有出人頭地之日。「圓」應指旺氣，「扁」為衰微。形容人的機運有起有落。|https://sutian.moe.edu.tw//zh-hant/su/27158/
78|搖人無才，搖豬無刣。|Iô lâng bô-tsâi, iô ti bô thâi.|slang|身體搖擺不穩重的人，多無才氣；走路搖動不穩的豬，多為病豬不能宰殺。勉勵人應穩重自持。|https://sutian.moe.edu.tw//zh-hant/su/27215/
79|勇勇馬縛佇將軍柱。|Ióng-ióng bé pa̍k tī tsiong-kun-thiāu.|slang|「將軍柱」指官府堂前兩旁的大石柱。健壯的馬被綁在將軍柱上，任憑有多大的力氣或多麼善跑也派不上用場。引申為懷才不遇、英雄無用武之地，或指不能知人善任。|https://sutian.moe.edu.tw//zh-hant/su/27046/
80|用別人的拳頭拇舂石獅。|Iōng pa̍t-lâng ê kûn-thâu-bú tsing tsio̍h-sai.|slang|用別人的拳頭去揍石獅子。利用別人去做自己不願意做的事情，比喻犧牲他人來成就自己。|https://sutian.moe.edu.tw//zh-hant/su/26979/
81|一兼二顧，摸蜊仔兼洗褲。|It kiam jī kòo, bong lâ-á kiam sé khòo.|slang|兩者兼顧，摸蜆兼洗褲子。「摸蜊仔」是從前常見的副業，在溪裡摸拾蜆貝，可作為佐菜，也可賣錢，因在水中蹲著工作，褲子常浸水，好像順便洗了褲子一樣。意謂一舉兩得。|https://sutian.moe.edu.tw//zh-hant/su/26868/
82|一代親，二代表，三代毋捌了了。|It tāi tshin, jī tāi piáu, sann tāi m̄ bat liáu-liáu.|slang|一代至親，二代表親，三代全都不認識。第一代是骨肉至親的兄弟姐妹，第二代子孫彼此以姑表、姨表來相互稱呼，到了第三代就彼此不認識了，意為親戚間的往來，一代比一代疏遠。|https://sutian.moe.edu.tw//zh-hant/su/26860/
83|一錢，二緣，三媠，四少年。|It tshiân, jī iân, sann suí, sì siàu-liân.|slang|首先有錢，其次人見人愛，再來英俊，接著是年輕。相傳舊時男性追求女性的基本條件。另有一說是現代人選女婿的四要件。|https://sutian.moe.edu.tw//zh-hant/su/26878/
84|幼秀跤，好命底。|Iù-siù kha, hó-miā té.|slang|腳纖細的人命比較好。古時候有錢人家的女兒，有婢女、傭人服侍，不須參與農忙勞務，因此手腳纖細、秀氣好看，進而產生「幼秀跤」的女性為富貴人家的刻板印象。|https://sutian.moe.edu.tw//zh-hant/su/26969/
85|惹熊惹虎，毋通惹著刺查某。|Jiá hîm jiá hóo, m̄-thang jiá-tio̍h tshiah-tsa-bóo.|slang|招惹熊招惹虎，別招惹凶悍的女人。比喻悍婦得罪不得。|https://sutian.moe.edu.tw//zh-hant/su/27163/
86|人情留一線，日後好相看。|Jîn-tsîng lâu tsi̍t suànn, ji̍t-āu hó sio-khuànn.|slang|對別人留個情面，以後見面才好相處。意謂與人為善，凡事多留餘地，未來相處才不至於難堪。|https://sutian.moe.edu.tw//zh-hant/su/26894/
87|人情世事陪到到，無鼎閣無灶。|Jîn-tsîng-sè-sū puê kàu-kàu, bô tiánn koh bô tsàu.|slang|人情世故樣樣奉陪，沒鍋又沒灶。意即所有的人情世故都要應對得體面，所費不貲，可能會窮到斷炊。形容人為了應付各種交際應酬而產生的經濟問題，並勸導人應酬要節制，適可而止，對社會上的繁文縟節要量力而行。|https://sutian.moe.edu.tw//zh-hant/su/26893/
88|入虎口，無死也烏漚。|Ji̍p hóo kháu, bô sí iā oo-áu.|slang|進入老虎的嘴裡，沒死也體無完膚、半死不活。意謂掉入危險環境，沒死也剩下半條命。|https://sutian.moe.edu.tw//zh-hant/su/26900/
89|入人門，順人意。|Ji̍p lâng mn̂g, sūn lâng ì.|slang|指進入別人的家門，順從別人的意見。原指女子出嫁後，應當順從丈夫、公婆之意，後延伸到別的地域或單位機構，應順從該地之風俗規定。|https://sutian.moe.edu.tw//zh-hant/su/26899/
90|日頭赤焱焱，隨人顧性命。|Ji̍t-thâu tshiah-iānn-iānn, suî-lâng kòo sènn-miā.|slang|在熾熱的陽光底下，每個人以保全自己的性命為要，已無暇顧及他人。形容人遇到患難或在艱困的環境裡，以顧全自己為先。|https://sutian.moe.edu.tw//zh-hant/su/26953/
91|家和萬事興，家亂萬世窮。|Ka hô bān-sū hing, ka luān bān-sè kîng.|slang|家庭和樂則事事興旺，家庭不睦則代代窮困。強調家庭和樂與否對家道的發展影響深遠。|https://sutian.moe.edu.tw//zh-hant/su/27084/
92|家己捧屎抹面。|Ka-kī phóng-sái buah-bīn.|slang|自己捧起糞來抹臉。比喻自己給自己難看，自取其辱。|https://sutian.moe.edu.tw//zh-hant/su/27083/
93|家己栽一欉，較贏看別人。|Ka-kī tsai tsi̍t tsâng, khah iânn khuànn pa̍t-lâng.|slang|自己栽種一棵果樹，到時結果就有得吃，勝過看別人的臉色。比喻凡事得靠自己，不要靠別人。求人不如求己。|https://sutian.moe.edu.tw//zh-hant/su/27082/
94|教豬教狗，不如家己走。|Kà ti kà káu, put-jû ka-kī tsáu.|slang|支使豬支使狗，不如自己跑。比喻與其依靠別人不如靠自己，亦即求人不如求己。|https://sutian.moe.edu.tw//zh-hant/su/27114/
95|共天公借膽。|Kā Thinn-kong tsioh tánn.|slang|向老天爺借膽。用於形容人突然膽大包天，做出平常不敢做的事。|https://sutian.moe.edu.tw//zh-hant/su/26988/
96|甘願做牛，毋驚無犁通拖。|Kam-guān tsò gû, m̄ kiann bô lê thang thua.|slang|情願當牛，就不怕沒犁可拉。意即為謀求一餐溫飽，只要願意放下身段，努力工作，不怕沒有機會。也常說成反話，用來告誡子女，不努力讀書，將來只能靠體力工作謀生。|https://sutian.moe.edu.tw//zh-hant/su/26973/
97|甘蔗無雙頭甜。|Kam-tsià bô siang-thâu tinn.|slang|甘蔗沒有頭尾都是甜的。比喻世事無法兩全其美，凡事有利就有弊，人不可能佔盡所有好處。|https://sutian.moe.edu.tw//zh-hant/su/26972/
98|艱苦頭，快活尾。|Kan-khóo thâu, khuìnn-ua̍h bué.|slang|做任何事都要先耐得住辛苦，苦盡才得以享受甘甜的成果。勸勉人先苦後甘，終將逐步進入佳境。|https://sutian.moe.edu.tw//zh-hant/su/27212/
99|敢做匏桸，就毋通驚水燙。|Kánn tsò pû-hia, tō m̄-thang kiann tsuí thǹg.|slang|既然做了瓠瓜勺子，就不能怕被滾水燙。意指既然承擔了責任就要敢做敢當，不要畏首畏尾，也用來自我表示負責到底的意思。|https://sutian.moe.edu.tw//zh-hant/su/27134/
100|狗無嫌主人散。|Káu bô hiâm tsú-lâng sàn.|slang|狗不會嫌棄主人貧窮。以狗對主人的忠誠，來勸人不要因家境貧苦而怪責父母，或引申為不要怪責所屬的團體。|https://sutian.moe.edu.tw//zh-hant/su/27036/
101|九月颱，無人知。|Káu-gue̍h thai, bô lâng tsai.|slang|農曆九月的颱風，沒人料想得到。通常農曆九月以後已經過了颱風季節，故突如其來的颱風常讓人措手不及。比喻天有不測風雲，人有旦夕禍福。|https://sutian.moe.edu.tw//zh-hant/su/26885/
102|猴也會跋落樹跤。|Kâu iā ē pua̍h-lo̍h tshiū-kha.|slang|猴子也會跌落樹下。說明經驗再豐富，動作再熟練的人，也有失手的時候，喻人不可大意。|https://sutian.moe.edu.tw//zh-hant/su/27146/
103|加減趁，較袂散。|Ke-kiám thàn, khah bē sàn.|slang|不論工資高低都去賺，才不至於窮困。形容不要計較所得多寡，努力工作才不會陷入窮困。|https://sutian.moe.edu.tw//zh-hant/su/26966/
104|雞卵密密也有縫。|Ke-nn̄g ba̍t-ba̍t iā ū phāng.|slang|雞蛋的蛋殼再怎麼密合也有縫隙。比喻事情總會有破綻，不可能天衣無縫。|https://sutian.moe.edu.tw//zh-hant/su/27222/
105|雞屎落塗，也有三寸煙。|Ke sái lo̍h thôo, iā ū sann tshùn ian.|slang|雞屎落地，也有三寸煙。意為即便是微小不堪的雞屎，剛剛掉落地上時也會揚起一陣熱熱的煙氣，何況是做人，更要有志氣。|https://sutian.moe.edu.tw//zh-hant/su/27223/
106|嫁雞綴雞飛，嫁狗綴狗走。|Kè ke tuè ke pue, kè káu tuè káu tsáu.|slang|嫁雞隨雞，嫁狗隨狗。說明傳統社會要求女子結婚之後，不論丈夫是什麼樣的人，都要終身跟隨，從一而終。|https://sutian.moe.edu.tw//zh-hant/su/27159/
107|隔壁親家，禮數原在。|Keh-piah tshin-ke, lé-sòo guân-tsāi.|slang|隔壁親家，來往依然要遵照禮數。意即親家住得再近，應有的禮節還是不可疏忽怠慢，仍須行禮如儀。|https://sutian.moe.edu.tw//zh-hant/su/27177/
108|牽尪姨，順話尾。|Khan ang-î, sūn uē-bué.|slang|靈媒答問，會順人心意說話。意思是說靈媒配合詢問者的心意做為回答的內容。比喻交談時揣摩對方的心思來應答。|https://sutian.moe.edu.tw//zh-hant/su/27117/
109|氣死驗無傷。|Khì-sí giām bô siong.|slang|生氣而死也驗不出傷痕。用來告誡人勿逞血氣，以免傷身。|https://sutian.moe.edu.tw//zh-hant/su/27088/
110|徛懸山，看馬相踢。|Khiā kuân suann, khuànn bé sio-that.|slang|站在高岡上，看著山腳下的馬互踢。比喻置身事外，袖手旁觀，有幸災樂禍看好戲之意。|https://sutian.moe.edu.tw//zh-hant/su/27126/
111|欠錢怨債主，不孝怨爸母。|Khiàm tsînn uàn tsè-tsú, put-hàu uàn pē-bú.|slang|欠錢怨債主，不孝怨父母。意即自己欠別人錢，還反過來埋怨債主來討債；自己不孝順，還反過來抱怨父母對自己不好。比喻不知反省，只會把責任推到他人身上。|https://sutian.moe.edu.tw//zh-hant/su/26954/
112|缺喙的食米粉──看現現。|Khih-tshuì--ê tsia̍h bí-hún──khuànn-hiān-hiān.|slang|兔脣的人吃米粉，被看得清清楚楚。引申為虛偽或技拙者的所作所為，無所遁形讓人一目了然。|https://sutian.moe.edu.tw//zh-hant/su/27092/
113|乞食下大願。|Khit-tsia̍h hē tuā guān.|slang|乞丐的能力有限，卻許下超過自己力所能及的大願望。比喻夢想也要衡量現實，不宜不自量力。|https://sutian.moe.edu.tw//zh-hant/su/26920/
114|乞食也有三年好運。|Khit-tsia̍h iā ū sann nî hó-ūn.|slang|乞丐也有三年的好運。說明人不會一生都是落魄的，勉勵人毋須因一時的挫折、低潮而灰心喪志，即使潦倒如乞丐，也會有運氣好轉的時候。比喻風水輪流轉。|https://sutian.moe.edu.tw//zh-hant/su/26919/
115|乞食趕廟公。|Khit-tsia̍h kuánn biō-kong.|slang|寺廟的廟祝收容乞丐，提供他們吃住，沒想到乞丐非但不知感激，甚至還得寸進尺、忘恩負義，將廟祝趕走霸占寺廟。比喻喧賓奪主。|https://sutian.moe.edu.tw//zh-hant/su/26922/
116|乞食身，皇帝喙。|Khit-tsia̍h sin, hông-tè tshuì.|slang|乞丐身分，皇帝口吻。意為身為乞丐，口氣卻大如皇帝。比喻人說話大言不慚，與自己實際身份不相稱。|https://sutian.moe.edu.tw//zh-hant/su/26921/
117|勸人做好代，較贏食早齋。|Khǹg lâng tsò hó tāi, khah iânn tsia̍h tsá-tsai.|slang|勸人為善勝過早上吃素。說明行善比獨善其身重要。|https://sutian.moe.edu.tw//zh-hant/su/27226/
118|勸恁有孝千萬句，袂曉有孝豬狗牛。|Khǹg lín iú-hàu tshian-bān kù, bē-hiáu iú-hàu ti káu gû.|slang|千言萬語奉勸人孝順父母，不懂得孝順就像豬狗牛。勸人要懂得孝順，否則連畜牲都不如。|https://sutian.moe.edu.tw//zh-hant/su/27227/
119|靠山山會崩，靠水水會焦。|Khò suann suann ē pang, khò tsuí tsuí ē ta.|slang|依靠山，山會有崩塌的時候；依靠河流，河流會有乾涸的時候。比喻無論有多穩當的後臺或再多的財產，總有失勢的一天，勸人凡事要自立自強，不可太依賴別人。|https://sutian.moe.edu.tw//zh-hant/su/27197/
120|看人食肉，毋通看人相拍。|Khuànn lâng tsia̍h bah, m̄-thang khuànn lâng sio-phah.|slang|寧可看人吃肉，也不要看人打架。誡人遠離是非之地，以免遭受池魚之殃。|https://sutian.moe.edu.tw//zh-hant/su/27060/
121|見笑轉受氣。|Kiàn-siàu tńg siū-khì.|slang|羞愧轉變為生氣。因羞愧難當，以發怒來轉移焦點。即惱羞成怒。|https://sutian.moe.edu.tw//zh-hant/su/27025/
122|驚某大丈夫，拍某豬狗牛。|Kiann bóo tāi-tiōng-hu, phah bóo ti káu gû.|slang|會怕妻子的丈夫是男子漢，會打妻子的連畜生都不如。主要是規勸丈夫要好好疼惜自己的妻子，不可動粗。|https://sutian.moe.edu.tw//zh-hant/su/27233/
123|驚驚袂著等。|Kiann-kiann bē tio̍h-tíng.|slang|光是恐懼擔憂不會獲得優勝。勸人做事要果決，不要畏畏縮縮，才有成功的機會。|https://sutian.moe.edu.tw//zh-hant/su/27234/
124|囝婿是半子。|Kiánn-sài sī puàn-tsú.|slang|女婿是半個兒子。女兒出嫁，娘家這邊有了女婿，雖然不是自家的男丁，但也將之視如己出，等同於半個兒子。|https://sutian.moe.edu.tw//zh-hant/su/26990/
125|行船走馬三分命。|Kiânn-tsûn tsáu-bé sann hun miā.|slang|航海、騎馬很危險，做這一行的只有三分的存活機會。意謂從事交通運輸行業的人，喪失生命的風險很高。|https://sutian.moe.edu.tw//zh-hant/su/27018/
126|緊行無好步。|Kín kiânn bô hó pōo.|slang|走得太匆促，腳步容易出差錯。喻遇事不宜急躁，應冷靜沉穩面對，才能應付危難。|https://sutian.moe.edu.tw//zh-hant/su/27186/
127|緊紡無好紗，緊嫁無好大家。|Kín pháng bô hó se, kín kè bô hó ta-ke.|slang|匆忙紡紗就織不出好棉紗；急於嫁人就遇不上好婆家。比喻欲速則不達。|https://sutian.moe.edu.tw//zh-hant/su/27187/
128|近廟欺神。|Kīn biō khi sîn.|slang|指住在廟旁的百姓，對神的敬意反而不如遠地的人。比喻貴遠賤近。|https://sutian.moe.edu.tw//zh-hant/su/27041/
129|近山剉無柴，近溪擔無水。|Kīn suann tshò bô tshâ, kīn khe tann bô tsuí.|slang|靠近山卻砍不到柴，靠近溪邊卻挑不到水。反諷人往往捨近求遠，忽略了身邊隨手可得的資源，去追求遙不可及的事物。或指人往往輕忽有把握的事，反而坐失良機，以致失敗。|https://sutian.moe.edu.tw//zh-hant/su/27039/
130|近水知魚性，近山識鳥音。|Kīn suí ti gû sìng, kīn san sik niáu im.|slang|經常出入水域，久而久之，便熟諳魚的習性；經常出入山林，久而久之，便熟諳鳥兒的鳴叫聲。比喻在怎樣的環境中生活，就容易學習到和該環境相關的才能。|https://sutian.moe.edu.tw//zh-hant/su/27040/
131|弓蕉吐囝為囝死。|King-tsio thòo kiánn uī kiánn sí.|slang|香蕉吐子為子死。香蕉發新芽以後，本株就會而死去，比喻父母為了子女，總是無盡的犧牲奉獻。|https://sutian.moe.edu.tw//zh-hant/su/26939/
132|揀啊揀，揀著一个賣龍眼。|Kíng--ah kíng, kíng-tio̍h tsi̍t ê bē lîng-gíng.|slang|挑來選去，最後選了個賣龍眼的小商販。形容找對象或合作夥伴時東挑西揀，最後還是挑了一個不理想的人。勸人有人可選時不要過份挑剔，以免到最後別無選擇，只能找個最不盡理想的人。|https://sutian.moe.edu.tw//zh-hant/su/27132/
133|公親變事主。|Kong-tshin piàn sū-tsú.|slang|仲裁者變成當事人。意指和事佬難當，調解不成還被拖下水，捲入紛爭。|https://sutian.moe.edu.tw//zh-hant/su/26944/
134|講著食，舂破額。|Kóng-tio̍h tsia̍h, tsing-phuà hia̍h.|slang|一聽到有什麼東西可吃就爭先恐後，把額頭都撞破了。比喻人們為了爭權奪利而不顧形象的模樣。|https://sutian.moe.edu.tw//zh-hant/su/27214/
135|講一个影，生一个囝。|Kóng tsi̍t ê iánn, senn tsi̍t ê kiánn.|slang|說一個影子，生一個孩子。意即有人說看到一個影子，就有人傳話說成有人生了一個孩子。比喻把沒聽清楚的話，轉述成毫不相關的事。|https://sutian.moe.edu.tw//zh-hant/su/27213/
136|龜跤龜內肉。|Ku-kha ku-lāi bah.|slang|龜腳也是龜本身的肉。比喻手心手背都是肉。比喻所獲得的利益，實際上是來自本身。羊毛出在羊身上。|https://sutian.moe.edu.tw//zh-hant/su/27208/
137|龜跤趖出來。|Ku-kha sô--tshut-lâi.|slang|烏龜伸出腳來。比喻人隱藏自己的圖謀或詭計，在他要遂行陰謀或行動時，陰謀暴露出來。即露出馬腳。|https://sutian.moe.edu.tw//zh-hant/su/27207/
138|龜笑鱉無尾，鱉笑龜粗皮。|Ku tshiò pih bô bué, pih tshiò ku tshoo phuê.|slang|龜笑鱉沒有尾巴，鱉笑龜皮膚粗。指人只會批評別人的缺點，卻不知自己的缺點也不少。|https://sutian.moe.edu.tw//zh-hant/su/27206/
139|久長病，無孝子。|Kú-tn̂g pēnn, bô hàu-tsú.|slang|父母長年臥病在床，子女往往無法隨侍在側，因而陷入身不由己的窘境，致使最終得背負不孝子之罵名。比喻久病床前無孝子。|https://sutian.moe.edu.tw//zh-hant/su/26917/
140|舊囚食新囚。|Kū siû tsia̍h sin siû.|slang|老囚犯欺負新囚犯。比喻資歷老的成員欺凌新進人員。|https://sutian.moe.edu.tw//zh-hant/su/27218/
141|關門著閂，講話著看。|Kuainn-mn̂g tio̍h tshuànn, kóng-uē tio̍h khuànn.|slang|關門時要插上門閂，說話要看場合與時機。勸人說話要看時機，不要因一時大意而造成難以收拾的局面。|https://sutian.moe.edu.tw//zh-hant/su/27225/
142|過橋較濟你行路，食鹽較濟你食米。|Kuè kiô khah tsē lí kiânn-lōo, tsia̍h iâm khah tsē lí tsia̍h bí.|slang|走過的橋比你走過的路還多，吃過的鹽比你吃過的米還多。年長者常以此來自誇經驗豐富，倚老賣老。|https://sutian.moe.edu.tw//zh-hant/su/27176/
143|過時賣曆日。|Kuè-sî bē la̍h-ji̍t.|slang|過了適當的時機賣日曆。用來指事物已經失去時效。|https://sutian.moe.edu.tw//zh-hant/su/27175/
144|骨力食栗，貧惰吞瀾。|Kut-la̍t tsia̍h-la̍t, pîn-tuānn thun nuā.|slang|勤勞的人，有栗子可吃，懶惰的人只有吞口水的份。喻只要辛勤付出，就會有好的食物；而不事生產者，只能眼巴巴看著人家享用收穫。比喻一分耕耘，一分收穫。|https://sutian.moe.edu.tw//zh-hant/su/27181/
145|內神通外鬼。|Lāi sîn thong guā kuí.|slang|指內部人員串通外面的人，做出不利內部的事。|https://sutian.moe.edu.tw//zh-hant/su/26942/
146|六月芥菜假有心。|La̍k-gue̍h kuà-tshài ké ū-sim.|slang|芥菜產季在每年十一月到次年四月，大約是農曆十月到次年二月，六月既非芥菜產季，當然也不會有芥菜心，所以說有心必定是假的。指人的言語或行為虛情假意；或用來譏諷偽君子，表面仁慈關懷，其實不懷好意。|https://sutian.moe.edu.tw//zh-hant/su/26943/
147|人無照天理，天無照甲子。|Lâng bô tsiàu thinn-lí, thinn bô tsiàu kah-tsí.|slang|人不照天理行事，天不照甲子運行。古人以天干、地支搭配紀年，取天干第一位「甲」與地支第一位「子」搭配成的「甲子」，來指稱自然運行的法則。比喻人若不按天理行事，老天爺也不會依照時序運行；或指對於違反常理之事的感慨。|https://sutian.moe.edu.tw//zh-hant/su/26896/
148|人未到，聲先到。|Lâng buē kàu, siann sing kàu.|slang|人尚未出現，就先聽到聲音。形容大嗓門的人。未見其人，先聞其聲。形容人的排場很大。|https://sutian.moe.edu.tw//zh-hant/su/26888/
149|人的喙，掩袂密。|Lâng ê tshuì, am bē ba̍t.|slang|人們通常無法管住別人的嘴巴。亦即難杜悠悠之口。|https://sutian.moe.edu.tw//zh-hant/su/26890/
150|人牽毋行，鬼牽溜溜行。|Lâng khan m̄ kiânn, kuí khan liù-liù-kiânn.|slang|對於好人的指引置之不理，反而在壞人的引誘下亦步亦趨。形容人是非不分，正事不做，偏要做壞事。|https://sutian.moe.edu.tw//zh-hant/su/26895/
151|人若衰，種匏仔生菜瓜。|Lâng nā sue, tsìng pû-á senn tshài-kue.|slang|人若倒楣，種匏瓜也會長出絲瓜。比喻人的運氣不佳，老是事與願違。|https://sutian.moe.edu.tw//zh-hant/su/26892/
152|人兩跤，錢四跤。|Lâng nn̄g kha, tsînn sì kha.|slang|人只有兩條腿，錢有四條腿，兩條腿跑得慢，四條腿跑得快，兩條腿的人永遠追不上四條腿的錢。比喻賺錢不易。|https://sutian.moe.edu.tw//zh-hant/su/26889/
153|人心肝，牛腹肚。|Lâng sim-kuann, gû pak-tóo.|slang|人的心肝，牛的肚子。意為人心就像牛的肚子一樣大。「人心肝」指人的慾望，用來比喻人心不足蛇吞象。|https://sutian.moe.edu.tw//zh-hant/su/26887/
154|人咧做，天咧看。|Lâng teh tsò, thinn teh khuànn.|slang|人在做，天在看。做事情應憑著自己的良心，不管好事壞事，上天都在看著。比喻天理昭昭，報應不爽。|https://sutian.moe.edu.tw//zh-hant/su/26891/
155|人濟話就濟，三色人講五色話。|Lâng tsē uē tō tsē, sam sik lâng kóng ngóo sik uē.|slang|人多話就多，各種人說各種意見。比喻人多意見多，莫衷一是。|https://sutian.moe.edu.tw//zh-hant/su/26898/
156|人飼人，一支骨；天飼人，肥朒朒。|Lâng tshī lâng, tsi̍t ki kut; thinn tshī lâng, puî-tsut-tsut.|slang|人養人，瘦巴巴；天養人，胖嘟嘟。意即成事在天，有上天的庇蔭，人才有好日子可以過；如果風不調雨不順，光是靠人的努力，成效也不彰。|https://sutian.moe.edu.tw//zh-hant/su/26897/
157|老的老步定，少年的較懂嚇。|Lāu--ê lāu-pōo-tiānn, siàu-liân--ê khah táng-hiannh.|slang|年長的人老成穩重；年輕的人冒失莽撞。這句話是說：老人家做事較沉穩持重，年輕人做事則比較輕浮莽撞。|https://sutian.moe.edu.tw//zh-hant/su/27016/
158|老人毋講古，少年毋捌寶。|Lāu-lâng m̄ kóng-kóo, siàu-liân m̄ bat pó.|slang|老年人不說故事，年輕人得不到寶貴經驗。形容老年人有很多值得年輕人學習的經驗。|https://sutian.moe.edu.tw//zh-hant/su/27015/
159|離鄉，無離腔。|Lī hiunn, bô lī khiunn.|slang|雖然離開故鄉，卻很難改變故鄉的口音腔調。|https://sutian.moe.edu.tw//zh-hant/su/27224/
160|了錢生理無人做，刣頭生理有人做。|Liáu-tsînn sing-lí bô lâng tsò, thâi-thâu sing-lí ū lâng tsò.|slang|賠錢的生意沒有人要做，但利益當前，即使是犯法會被判處死刑的生意也有人會做。形容無良商人為了賺錢而不擇手段。|https://sutian.moe.edu.tw//zh-hant/su/26886/
161|龍交龍，鳳交鳳，隱痀的交侗戇。|Lîng kau lîng, hōng kau hōng, ún-ku--ê kau tòng-gōng.|slang|龍與龍交往，鳳與鳳交往，駝背的人和愚昧的人交往。亦即成材的人和成材的人交往，不成材的人和不成材的人交往，比喻朋友是物以類聚的。可用在正面的意義，也可用在負面的意義。「隱痀」指駝背，「侗戇」指頭腦不靈光。此句的類比方式帶有歧視意味，應注意僅為一種比喻而已。|https://sutian.moe.edu.tw//zh-hant/su/27205/
162|溜溜瞅瞅，食兩蕊目睭。|Liu-liu-tshiu-tshiu, tsia̍h nn̄g luí ba̍k-tsiu.|slang|人靠靈活的雙眼觀察外界，以求存活。說明人在社會上要會察言觀色，審時度勢，隨機應變，才能立足。|https://sutian.moe.edu.tw//zh-hant/su/27168/
163|落塗時八字命。|Lo̍h-thôo-sî peh-jī miā.|slang|出生的時辰就決定一個人的命運。從前的人迷信人的命運在呱呱墜地時，就已經註定好了。這句話常用來要人接受現狀，不要埋怨或強求。|https://sutian.moe.edu.tw//zh-hant/su/27172/
164|落水平平沉，全無重頭輕。|Lo̍h tsuí pênn-pênn tîm, tsuân bô tāng-thâu-khin.|slang|一旦落入水中，同樣都會往下沉，沒有輕重的差別。說明大難來時大家的命運相同，沒有任何差別。|https://sutian.moe.edu.tw//zh-hant/su/27173/
165|忍氣求財，激氣相刣。|Lún-khì kiû tsâi, kik-khì sio-thâi.|slang|忍一時之氣可以求得財利，意氣用事可能招致糾紛，甚至互相殺伐。比喻和氣生財。|https://sutian.moe.edu.tw//zh-hant/su/27024/
166|毛毛仔雨落久，塗嘛會澹。|Mn̂g-mn̂g-á hōo lo̍h-kú, thôo mā ē tâm.|slang|濛濛細雨下久了，土地也會潮濕。比喻積少成多；或指做事只要能持之以恆、堅持到底，猶如滴水穿石，再大的困難都能克服。|https://sutian.moe.edu.tw//zh-hant/su/27211/
167|毛呼龜粿粽，紅包在你送。|Môo-honn ku kué tsàng, âng-pau tsāi lí sàng.|slang|毛呼、紅龜粿、粽子，紅包隨便你包多少都可以。譏諷道士誦經時不專心，看著祭品隨口亂念，心中只有紅包。|https://sutian.moe.edu.tw//zh-hant/su/26959/
168|媒人保入房，無保一世人。|Muê-lâng pó ji̍p pâng, bô pó tsi̍t-sì-lâng.|slang|媒人只保證雙方完婚入洞房，不能負責婚後雙方一輩子平順。說明他人的幫助或保證都是有限度的，凡事還是得靠自己努力。|https://sutian.moe.edu.tw//zh-hant/su/27130/
169|涼傘雖破，骨格原在。|Niû-suànn sui phuà, kut-keh guân-tsāi.|slang|神明出巡所用的傘雖然破損，但支架還在。傘的支架代表人的骨氣，比喻一個人以前功成名就，現在雖然落魄失意，卻仍保有骨氣；或指出身名門世家，即使家道中衰，家風猶存。|https://sutian.moe.edu.tw//zh-hant/su/27042/
170|爛塗袂糊得壁。|Nuā-thôo bē kôo tit piah.|slang|爛泥敷不上牆。指人或東西沒有用，派不上用場。|https://sutian.moe.edu.tw//zh-hant/su/27229/
171|呵咾甲會觸舌。|O-ló kah ē tak-tsi̍h.|slang|讚美得發出嘖嘖聲，可用來表示「讚美有加」。|https://sutian.moe.edu.tw//zh-hant/su/27028/
172|惡馬惡人騎。|Ok bé ok lâng khiâ.|slang|意為很難馴服的馬，總會有比牠更凶惡的騎士來馴服。比喻壞人自有比他更凶惡的人來懲治他，即一物剋一物。|https://sutian.moe.edu.tw//zh-hant/su/27131/
173|王梨頭，西瓜尾。|Ông-lâi thâu, si-kue bué.|slang|鳳梨蒂頭的一端比較甜，西瓜是離蒂頭最遠的一端最甜。教導人家如何吃水果及觀察蔬果的自然生態。|https://sutian.moe.edu.tw//zh-hant/su/26962/
174|烏仔魚搢水。|Oo-á-hî tsìnn tsuí.|slang|烏魚逆水向前游。比喻不畏困難，積極向上。|https://sutian.moe.edu.tw//zh-hant/su/27089/
175|烏矸仔貯豆油。|Oo kan-á té tāu-iû.|slang|黑色罐子裝醬油。這是歇後語，帶出「看袂出」三個字，黑色醬油裝在黑色罐子裡難以分辨，以「看不出來」的雙關語，比喻看走眼或人不可貌相。|https://sutian.moe.edu.tw//zh-hant/su/27090/
176|飽穗的稻仔，頭犁犁。|Pá-suī ê tiū-á, thâu lê-lê.|slang|飽滿而成熟的稻穗，頭向下。比喻有真實才學的人，反倒謙沖為懷。|https://sutian.moe.edu.tw//zh-hant/su/27180/
177|腹肚若水櫃，胸坎若樓梯。|Pak-tóo ná tsuí-kuī, hing-khám ná lâu-thui.|slang|肚子像水箱一樣凸起，胸前的肋骨像樓梯一根根突現。形容人營養不良，骨瘦如柴，卻又挺個大肚子的模樣。|https://sutian.moe.edu.tw//zh-hant/su/27170/
178|腹肚做藥櫥。|Pak-tóo tsò io̍h-tû.|slang|把肚子當做藥櫥。比喻人體弱多病，長期服藥。|https://sutian.moe.edu.tw//zh-hant/su/27171/
179|放屁安狗心。|Pàng-phuì an káu sim.|slang|放屁給狗聞，讓牠以為有屎可吃。比喻敷衍的給予承諾。|https://sutian.moe.edu.tw//zh-hant/su/27033/
180|別人的囝死袂了。|Pa̍t-lâng ê kiánn sí bē liáu.|slang|別人的小孩死不完。形容人非常自私，為了自己的利益，不顧別人的死活。|https://sutian.moe.edu.tw//zh-hant/su/27022/
181|爸母疼囝長流水，囝疼爸母樹尾風。|Pē-bú thiànn kiánn tn̂g lâu-tsuí, kiánn thiànn pē-bú tshiū-bué hong.|slang|父母疼愛子女，就像日夜不停的流水，兒女會想到父母，卻像樹梢上的風時有時無。形容父母愛護子女的心無窮無盡、無止無休，兒女孝順父母卻是偶一為之、難以長久。除了告誡人們要時時刻刻記得孝順父母之外，也表現了兩種付出的落差。|https://sutian.moe.edu.tw//zh-hant/su/27035/
182|白白布染甲烏。|Pe̍h-pe̍h pòo ní kah oo.|slang|白布硬要染成黑色。比喻刻意汙衊抹黑，顛倒是非。|https://sutian.moe.edu.tw//zh-hant/su/26981/
183|棚頂做甲流汗，棚跤嫌甲流瀾。|Pênn-tíng tsò kah lâu-kuānn, pênn-kha hiâm kah lâu-nuā.|slang|戲台上的演員演得汗流浹背，戲台下的觀眾批評得口沫橫飛。意指做事的人做得滿頭大汗，卻被批評得一無是處。比喻開口批評容易，實際去做卻很困難；或指用心盡力地做事情，得不到讚美，反而遭到別人的批評與指責。|https://sutian.moe.edu.tw//zh-hant/su/27135/
184|拍虎掠賊也著親兄弟。|Phah hóo lia̍h tsha̍t iā tio̍h tshin hiann-tī.|slang|打老虎和捉賊都是危及性命的事情，只有親兄弟才能齊力同心，一同出生入死。喻手足之情最為可靠。|https://sutian.moe.edu.tw//zh-hant/su/27031/
185|拍人喝救人。|Phah lâng huah-kiù-lâng.|slang|打人的人反而喊救命。比喻為逃避責任或轉移焦點，做壞事的人反而誣告別人做壞事。|https://sutian.moe.edu.tw//zh-hant/su/27030/
186|拍斷手骨顛倒勇。|Phah-tn̄g tshiú-kut tian-tò ióng.|slang|打斷手骨反而更健壯。意即愈挫愈勇。折斷的骨頭癒合後，新長成的骨節更為堅硬。用以鼓勵人不要畏懼困難與挫敗。|https://sutian.moe.edu.tw//zh-hant/su/27032/
187|歹瓜厚子，歹人厚言語。|Pháinn kue kāu tsí, pháinn-lâng kāu giân-gí.|slang|壞瓜籽多，壞人話多。用來諷刺多話或是善於搬弄是非的人。|https://sutian.moe.edu.tw//zh-hant/su/26955/
188|歹竹出好筍。|Pháinn tik tshut hó sún.|slang|壞竹子卻長出好筍子。比喻在惡劣的外在環境下仍能養成優秀的人。|https://sutian.moe.edu.tw//zh-hant/su/26957/
189|歹竹出好筍，好竹出痀崙。|Pháinn tik tshut hó sún, hó tik tshut ku-lún.|slang|不好的竹子生出好的筍子，好的竹子生出奇形怪狀的竹子。比喻出身不好的人也能養成好的後代，富貴之人也會出不成才的子孫。|https://sutian.moe.edu.tw//zh-hant/su/26956/
190|歹船拄著好港路。|Pháinn tsûn tú-tio̍h hó káng-lōo.|slang|破舊的船遇到好的航路。比喻外在環境大好，本身雖不濟，卻也能安然度過。|https://sutian.moe.edu.tw//zh-hant/su/26958/
191|皮皮食甲流糍。|Phî-phî tsia̍h kah lâu-tsî.|slang|罵人忘記羞恥，不顧別人的批評，早已吃到下巴鬆弛下垂的樣子，還是照吃不誤。比喻人不知羞恥。|https://sutian.moe.edu.tw//zh-hant/su/26982/
192|膨風水雞刣無肉。|Phòng-hong tsuí-ke thâi bô bah.|slang|青蛙腹部充氣鼓起，外表看起來好大，但宰殺後肉很少。譏諷言談誇大不實、常吹牛的人，喜歡說大話，一點本事也沒有。|https://sutian.moe.edu.tw//zh-hant/su/27199/
193|鋪面蟶，浸水蚵。|Phoo bīn than, tsìm tsuí ô .|slang|鋪在表面的蟶及泡水膨脹後的牡蠣。小商販把好看的商品擺在表層來吸引人，比喻虛有其表或無心實踐。|https://sutian.moe.edu.tw//zh-hant/su/27196/
194|跋一倒，抾著一隻金雞母。|Pua̍h tsi̍t tó, khioh-tio̍h tsi̍t tsiah kim ke-bó.|slang|跌了一跤，撿到一隻金母雞。比喻因禍得福，從失敗中汲取寶貴的經驗。|https://sutian.moe.edu.tw//zh-hant/su/27155/
195|杯底毋通飼金魚。|Pue-té m̄-thang tshī kim-hî.|slang|杯裡不要留下可供放養金魚的酒。暗示人把杯裡的酒喝乾之意。|https://sutian.moe.edu.tw//zh-hant/su/27034/
196|分袂平，拍甲二九暝。|Pun bē pênn, phah kah Jī-káu-mê.|slang|「二九暝」指除夕、大年夜。分配不平均，從年頭打到除夕夜。指事情分配不公，會引起長期的紛爭。|https://sutian.moe.edu.tw//zh-hant/su/26945/
197|西北雨，落袂過車路。|Sai-pak-hōo, lo̍h bē kuè tshia-lōo.|slang|西北雨，下不過馬路。「西北雨」即夏日午後雷陣雨，下得非常短暫，且為小區域的天氣現象，有時還來不及下超過另一條馬路，雨就停了。|https://sutian.moe.edu.tw//zh-hant/su/27019/
198|瘦田𠢕欶水。|Sán tshân gâu suh tsuí.|slang|貧瘠的農田在灌溉時，需要更多水分才夠飽滿。指瘦小的人食量很大。|https://sutian.moe.edu.tw//zh-hant/su/27188/
199|送伊魚，較輸教伊掠魚。|Sàng i hî, khah-su kà i lia̍h hî.|slang|送他魚，不如教他捕魚。比喻與其救濟或幫助他人，不如教他謀生的能力。|https://sutian.moe.edu.tw//zh-hant/su/27100/
200|三分人，七分妝。|Sann hun lâng, tshit hun tsng.|slang|人的外表三分是靠天生的長相，七分是靠適當的裝扮。提醒人要注意穿著打扮，更能增添個人的魅力。|https://sutian.moe.edu.tw//zh-hant/su/26907/
201|三日無餾，𬦰上樹。|Sann ji̍t bô liū, peh-tsiūnn tshiū.|slang|三天不溫習，學過的東西就爬上了樹梢。說明學過的東西要勤加溫習，稍有怠惰，很快所學的東西就會忘得一乾二淨。|https://sutian.moe.edu.tw//zh-hant/su/26908/
202|三跤步一坎店。|Sann kha-pōo tsi̍t khám tiàm.|slang|走三步就有一間店。形容市景繁榮，商店林立。意指同類的店鋪多，同行之間的競爭很激烈。|https://sutian.moe.edu.tw//zh-hant/su/26912/
203|三講，四毋著。|Sann kóng, sì m̄-tio̍h.|slang|說三句話，錯四個地方。指人說話頻頻出錯。|https://sutian.moe.edu.tw//zh-hant/su/26913/
204|三人共五目，日後無長短跤話。|Sann lâng kāng gōo ba̍k, ji̍t-āu bô tn̂g-té-kha-uē.|slang|三個人總共五隻眼睛，以後不能再說長道短。原故事為媒人婆替兩腳一長一短的青年，與瞎了一隻眼的女子相親，媒人為促成婚事，故意隱藏雙方的缺陷，在結婚前以雙關語說在場三人總共五隻眼睛，決定的事情日後便不得再說長就短。比喻共同商議後所做的決定，事後不得反悔。|https://sutian.moe.edu.tw//zh-hant/su/26906/
205|三年一閏，好歹照輪。|Sann nî tsi̍t jūn, hó-pháinn tsiàu lûn.|slang|三年一次閏月，好壞輪流來。農曆每二、三年會有一個閏月，多出來的這個月按曆法分派到不同月份，所以說「好歹照輪」。這句話指風水輪流轉，人生的際遇，不會永遠順利，也不會永遠困窘。|https://sutian.moe.edu.tw//zh-hant/su/26910/
206|三百六十行，行行出狀元。|Sann-pah la̍k-tsa̍p hâng, hâng-hâng tshut tsiōng-guân.|slang|各行各業都有出類拔萃的人。狀元是指各行業的頂尖人物，比喻不論從事何種行業，都可出人頭地。|https://sutian.moe.edu.tw//zh-hant/su/26911/
207|三代粒積，一代窮空。|Sann tāi lia̍p-tsik, tsi̍t tāi khîng-khong.|slang|三代累積，一代敗光。即三代人辛苦累積的財富，卻被後代一人揮霍殆盡。比喻創業艱辛，守成要謹慎。|https://sutian.moe.edu.tw//zh-hant/su/26909/
208|掃地掃壁角，洗面洗耳空。|Sàu-tè sàu piah-kak, sé-bīn sé hīnn-khang.|slang|打掃房間，要注意清潔牆角周圍；洗臉時，要注意耳朵周圍或耳後容易藏污納垢的地方。指做事要澈底實在，不要馬虎隨便。|https://sutian.moe.edu.tw//zh-hant/su/27113/
209|細漢煩惱伊袂大，大漢煩惱伊未娶。|Sè-hàn huân-ló i bē tuā, tuā-hàn huân-ló i buē tshuā.|slang|小時候煩惱他長不大，長大了煩惱他不結婚。表示父母親對兒女成長的各個階段，都有不同的操心與煩惱。|https://sutian.moe.edu.tw//zh-hant/su/27120/
210|細漢偷挽匏，大漢偷牽牛。|Sè-hàn thau bán pû, tuā-hàn thau khan gû.|slang|小時候偷摘匏瓜，長大偷牽牛隻。指一味縱容小孩的錯誤行為，反而會使其積惡成習，長大後會變本加厲。|https://sutian.moe.edu.tw//zh-hant/su/27119/
211|細空毋補，大空叫苦。|Sè khang m̄ póo, tuā khang kiò-khóo.|slang|破洞還小的時候不及時縫補，等破洞大到無法挽救時才在哀號。勸人若發現小問題，應及時修正，不要等事情變大了才來後悔莫及。|https://sutian.moe.edu.tw//zh-hant/su/27118/
212|生的且一邊，養的恩情較大天。|Senn--ê tshiánn tsi̍t pinn, iúnn--ê un-tsîng khah tuā thinn.|slang|親生的父母暫且擱在一邊，養育者的恩情比天還高。提醒被撫養人不要抹煞養育人的苦心與功勞；又指生身父母比養育者的地位還差一些。|https://sutian.moe.edu.tw//zh-hant/su/26976/
213|生雞卵的無，放雞屎的有。|Senn ke-nn̄g--ê bô, pàng ke-sái--ê ū.|slang|沒有生雞蛋的，只有拉雞屎的。形容團體中沒有能帶來利益或好處的人，只有會惹事生非，帶來壞處或麻煩的人。|https://sutian.moe.edu.tw//zh-hant/su/26978/
214|生囝師仔，飼囝師傅。|Senn-kiánn sai-á, tshī kiánn sai-hū.|slang|生孩子是學徒，養育孩子是師傅。比喻生小孩瓜熟蒂落算不上本事，要把孩子養育成有用的人才是真本領。|https://sutian.moe.edu.tw//zh-hant/su/26974/
215|西瓜倚大爿。|Si-kue uá tuā pîng.|slang|西瓜哪邊比較大就靠向那邊。意指人看哪一邊得勢，就向那邊，形容人趨炎附勢。|https://sutian.moe.edu.tw//zh-hant/su/27020/
216|死目毋願瞌。|Sí ba̍k m̄ guān kheh.|slang|過世的時候不願意合眼。指因還有未完成的心願或牽掛的事而死不瞑目。|https://sutian.moe.edu.tw//zh-hant/su/27011/
217|死皇帝毋值得活乞食。|Sí hông-tè m̄-ta̍t-tit ua̍h khit-tsia̍h.|slang|去世的皇帝，比不上還活著的乞丐。勉勵人要珍惜生命，窮苦活著總比富貴死去還要強。|https://sutian.moe.edu.tw//zh-hant/su/27012/
218|死道友，無死貧道。|Sí tō-iú, bô sí pîn-tō.|slang|要死別人死，不能犧牲自己。「道友」指同道友人，泛指別人；「貧道」是修行者自謙的說法，泛指自己。說明人不在乎別人的死活，只關心自己是否還安好。|https://sutian.moe.edu.tw//zh-hant/su/27014/
219|死蛇活尾溜。|Sí tsuâ ua̍h bué-liu.|slang|蛇被打死了，尾巴還在蠕動。形容事情雖然已經結束，但還留下一個殘局未收拾。|https://sutian.moe.edu.tw//zh-hant/su/27013/
220|時到時擔當，無米才煮番薯湯。|Sî kàu sî tam-tng, bô bí tsiah tsú han-tsî-thng.|slang|時候到了再看著辦，沒有米可以煮飯就拿地瓜煮湯。形容事情自然有因應之道，如果一事不成，也另有替代之道。|https://sutian.moe.edu.tw//zh-hant/su/27085/
221|是毋是，罵家己。|Sī m̄ sī, mē ka-kī.|slang|對不對，先罵自己。人與人相處難免會有衝突，遇到事情先檢討自己。|https://sutian.moe.edu.tw//zh-hant/su/27052/
222|仙人拍鼓有時錯，跤步踏差啥人無？|Sian-jîn phah kóo iú sî tshò, kha-pōo ta̍h-tsha siánn-lâng bô?                                                播放音讀Sian-jîn phah kóo iú sî tshò, kha-pōo ta̍h-tsha siánn-lâng bô?|slang|神仙打鼓有時候也會出錯，人走路也難免跌跤會走偏。指再厲害的人難免也會出差錯。|https://sutian.moe.edu.tw//zh-hant/su/26963/
223|仙拚仙，害死猴齊天。|Sian piànn sian, hāi-sí Kâu Tsê-thian.|slang|眾仙人互相爭鬥，反而害一旁的孫悟空受到牽連。比喻兩方拼鬥，卻禍延無辜的第三者，亦即殃及池魚。|https://sutian.moe.edu.tw//zh-hant/su/26964/
224|雙个旋，惡甲無人問。|Siang ê tsn̄g, ok kah bô lâng mn̄g.|slang|頭上有兩個髮旋的人，兇狠到沒人聞問。傳統認為有兩個髮旋的人天性兇，但無相關研究根據。|https://sutian.moe.edu.tw//zh-hant/su/27221/
225|雙手抱孩兒，才知爸母時。|Siang-tshiú phō hâi-jî, tsiah tsai pē-bú sî.|slang|只有在雙手抱自己小孩時，才能真正體會父母的辛勞。勸人要知道父母的養育之恩，從而孝順父母。|https://sutian.moe.edu.tw//zh-hant/su/27220/
226|痟狗舂墓壙。|Siáu-káu tsing bōng-khòng.|slang|瘋狗撞墓穴。指行事莽撞，行為冒失，未經周全計畫就倉促行事。也引申爭名奪利，指人有利可圖，不顧一切巧取豪奪。|https://sutian.moe.edu.tw//zh-hant/su/27101/
227|痟貪軁雞籠。|Siáu-tham nǹg ke-lam.|slang|貪得無厭的雞為了吃飼料而鑽進雞籠。昔時農家養雞都採放養的方式，當需宰殺或販售雞隻時，便會將飼料放在籠子內，以誘導雞上門並將其關在其中。勸人千萬不要貪得無厭。|https://sutian.moe.edu.tw//zh-hant/su/27102/
228|少年袂曉想，食老毋成樣。|Siàu-liân bē-hiáu siūnn, tsia̍h-lāu m̄-tsiânn-iūnn.|slang|年輕時思慮不周，等到老了生活堪憂。年輕時沒有做好生涯規劃，年老時便會落魄潦倒。意即少壯不努力，老大徒傷悲。用來勉勵人年輕時要有遠見，努力為未來鋪路。|https://sutian.moe.edu.tw//zh-hant/su/26949/
229|少年若無一擺戇，路邊哪有有應公。|Siàu-liân nā bô tsi̍t pái gōng, lōo-pinn ná ū Iú-ìng-kong.|slang|若非年少時傻過一次，路邊哪來有應公廟。「有應公」或稱無緣佛、萬善公，是對無主孤魂的尊稱，也指臺灣民間信仰中，收容孤魂的小祠廟，通常不知道主祀者、也沒有神像。引申為勸誡年輕人勿逞血氣之勇，需珍惜自身性命。|https://sutian.moe.edu.tw//zh-hant/su/26948/
230|心歹無人知，喙歹上厲害。|Sim pháinn bô lâng tsai, tshuì pháinn siōng lī-hāi.|slang|心地不好沒人知道，口出惡言最嚴重。重點在後句，告誡人要謹言慎行。|https://sutian.moe.edu.tw//zh-hant/su/26950/
231|神明興，弟子窮。|Sîn-bîng hing, tē-tsú kîng.|slang|神明香火興旺，信徒便窮困。勸人敬拜神明花費要節制，以免導致生活困窘。|https://sutian.moe.edu.tw//zh-hant/su/27091/
232|誠意食水甜。|Sîng-ì tsia̍h tsuí tinn.|slang|只要有誠意光喝水也覺得甜。意思是說誠心誠意對待人，即使只請人喝白開水，喝起來都會是甜的。比喻人和人之間的相處，誠意是最重要的。|https://sutian.moe.edu.tw//zh-hant/su/27174/
233|倖豬夯灶，倖囝不孝。|Sīng ti giâ tsàu, sīng kiánn put-hàu.|slang|寵豬頂灶，寵兒不孝。豬不關好，放任牠自由進出，可能連灶都被豬翻了；小孩子太受寵愛，就不懂得孝順父母。比喻子女要適度管教，不能一味溺愛，否則會不懂得孝順。|https://sutian.moe.edu.tw//zh-hant/su/27079/
234|燒瓷的食缺，織蓆的睏椅。|Sio-huî--ê tsia̍h khih, tsit-tshio̍h--ê khùn í.|slang|燒製瓷器的人，自己用有缺口的碗吃飯；織草蓆的人，捨不得拿草蓆來睡，反而在椅子上睡覺。比喻人為了賺錢或節儉，捨不得用自己製造的好產品，或者故意使用較無市場價值的瑕疵品。|https://sutian.moe.edu.tw//zh-hant/su/27195/
235|相罵無揀喙，相拍無揀位。|Sio-mē bô kíng tshuì, sio-phah bô kíng uī.|slang|吵架時不會選擇講什麼話才適合，打架時不會斟酌挑身體哪個部位打。指一般人在吵架或打架時容易喪失理智，因此任何事情都做得出來。|https://sutian.moe.edu.tw//zh-hant/su/27059/
236|相分食有賰，相搶食無份。|Sio-pun tsia̍h ū tshun, sio-tshiúnn tsia̍h bô hūn.|slang|飲食互相分享，則綽綽有餘；互相爭搶，反而沒得吃。比喻禮讓則互蒙其利，爭奪則互受其害。|https://sutian.moe.edu.tw//zh-hant/su/27057/
237|惜花連盆，疼囝連孫。|Sioh hue liân phûn, thiànn kiánn liân sun.|slang|愛惜花朵亦會連帶珍惜花盆；疼愛子女，也會連同孫輩一起疼惜。意指疼愛一個人時，也會連帶關愛與其相關的人事物。比喻愛屋及烏。|https://sutian.moe.edu.tw//zh-hant/su/27111/
238|俗物無好貨。|Sio̍k-mi̍h bô hó huè.|slang|便宜沒好貨。指一般人常存有貪小便宜的心態，見到便宜貨，便受低價位誘惑而購買，卻忽略物品本身的品質，導致買到劣質品。|https://sutian.moe.edu.tw//zh-hant/su/27045/
239|俗物食破家。|Sio̍k-mi̍h tsia̍h phuà ke.|slang|因東西便宜而毫無節制地去採購，容易導致過度消費，拖垮家庭經濟。比喻貪小便宜，反而會造成更大的損失。|https://sutian.moe.edu.tw//zh-hant/su/27044/
240|相命無褒，食水都無。|Siòng-miā bô po, tsia̍h tsuí to bô.|slang|算命時如果不說些讚美客人的話，連水都沒得喝。說明江湖術士的話不可盡信，也勸人要多說好話。|https://sutian.moe.edu.tw//zh-hant/su/27058/
241|收瀾收予焦，予你生一个有𡳞脬。|Siu-nuā siu hōo ta, hōo lí senn tsi̍t ê ū lān-pha.|slang|收涎收乾淨，讓你生一個男丁。「收瀾」是民間習俗，在嬰兒滿四個月時舉辦之儀式，目的是希望解決嬰兒流口水的毛病；「𡳞脬」是男性的生殖器，泛指男丁。此諺為嬰兒滿四個月時，長輩們替嬰兒收口水時所講的吉祥話，期望嬰兒的母親來年能添丁。|https://sutian.moe.edu.tw//zh-hant/su/27000/
242|收瀾收離離，明年招小弟。|Siu-nuā siu-lī-lī, mê-nî tsio sió-tī.|slang|收口水收得乾乾淨淨，明年又可以招來一個小弟弟。臺灣民間習俗，嬰兒出生滿四個月的那一天，要舉行「收瀾」（收涎）的儀式，當天用紅線把12塊、24塊或48塊中間有圓孔的小餅乾串在嬰兒頸上，由母親抱著到親友鄰居處走動，親友掰下一塊口酥餅，在嬰兒嘴邊擦一、兩下，口中就一邊唸著這句吉祥話。過去農業社會重男輕女，故以「招小弟」祝福其家可再添男丁。|https://sutian.moe.edu.tw//zh-hant/su/27001/
243|輸人毋輸陣，輸陣歹看面。|Su lâng m̄ su tīn, su tīn pháinn-khuànn bīn.|slang|個人與他人比賽可以輸，但團體比賽不能落在最後面；參加團體賽若輸了，大家面子也掛不住。一般用來提振團體士氣，鼓勵人奮勇向前，勿落人後。|https://sutian.moe.edu.tw//zh-hant/su/27200/
244|媠䆀無比止，愛著較慘死。|Suí-bái bô pí tsí, ài--tio̍h khah tshám sí.|slang|漂亮與否無從比較起，一旦愛上了比死亡還要悽慘。只要兩情相悅，一旦愛上一個人，就會不計美醜，愛得死心塌地。|https://sutian.moe.edu.tw//zh-hant/su/27157/
245|臺灣錢，淹跤目。|Tâi-uân tsînn, im kha-ba̍k.|slang|臺灣地上的錢多到蓋住腳踝。比喻臺灣遍地錢財、容易謀生。|https://sutian.moe.edu.tw//zh-hant/su/26967/
246|大甲溪放草魚──有準無。|Tāi-kah-khe pàng tsháu-hî──ū tsún bô.|slang|在大甲溪邊流放魚苗，一旦放出去就不會回頭，形容東西離手了，就再也不會回來。比喻肉包子打狗，有去無回。|https://sutian.moe.edu.tw//zh-hant/su/26929/
247|等物僫到，等人快老。|Tán mi̍h oh kàu, tán lâng khuài lāu.|slang|等東西很難等到，等人容易變老。比喻等待的時間很難熬；或指等待的東西往往落空。|https://sutian.moe.edu.tw//zh-hant/su/27148/
248|刣雞教猴。|Thâi ke kà kâu.|slang|殺雞給猴子看。比喻用懲罰一個人的辦法來警告別的人。|https://sutian.moe.edu.tw//zh-hant/su/27027/
249|讀冊，讀佇尻脊骿。|Tha̍k-tsheh, tha̍k tī kha-tsiah-phiann.|slang|讀書本應記在腦子裡，卻讀到背脊上。嘲諷人讀死書，食古不化。或諷指人有學問卻不行正道，書都白讀了。|https://sutian.moe.edu.tw//zh-hant/su/27232/
250|趁也著趁，食也著食。|Thàn iā tio̍h thàn, tsia̍h iā tio̍h tsia̍h.|slang|錢也得賺，飯也得吃。勸人不要只會賺錢，也要懂得花錢吃飯，照顧身體。|https://sutian.moe.edu.tw//zh-hant/su/27153/
251|趁錢有數，性命愛顧。|Thàn-tsînn iú sòo, sènn-miā ài kòo.|slang|賺錢數量有限，生命要照顧。意思是賺錢要適可而止，身體健康更為重要，不可為了多賺錢而不顧生命。|https://sutian.moe.edu.tw//zh-hant/su/27154/
252|頭燒燒，尾冷冷。|Thâu sio-sio, bué líng-líng.|slang|剛開始的時候興沖沖，到了後來卻提不起勁。指人做事情只有三分鐘熱度，沒辦法貫徹始終。|https://sutian.moe.edu.tw//zh-hant/su/27203/
253|頭大面四方，肚大居財王。|Thâu tuā bīn sù-hong, tóo tuā ki-tsâi ông.|slang|指頭大大的、臉形良好又勻稱、肚子大的人，有大富之相。這是命相學的說法，未必可信。|https://sutian.moe.edu.tw//zh-hant/su/27202/
254|聽某喙，大富貴。|Thiann bóo tshuì, tuā hù-kuì.|slang|聽老婆的話，可以大富大貴。期勉丈夫適時尊重、接納太太的意見，必可避免爭吵的發生。|https://sutian.moe.edu.tw//zh-hant/su/27231/
255|天公疼戇人。|Thinn-kong thiànn gōng-lâng.|slang|老天爺疼惜憨厚的人。實事求是、按部就班者，往往得到上天的眷顧。|https://sutian.moe.edu.tw//zh-hant/su/26946/
256|天頂天公，地下母舅公。|Thinn-tíng Thinn-kong, tē-ē bú-kū-kong.|slang|天上地位最崇高的就屬玉皇大帝，而人世間則是舅舅。這說明了在臺灣舅舅的地位崇高，故每逢子女婚嫁時或有舅舅會出席的場合，都要請他坐大位。|https://sutian.moe.edu.tw//zh-hant/su/26947/
257|豬毋大，大對狗去。|Ti m̄ tuā, tuā tuì káu khì.|slang|用心飼養的豬養不肥，卻把不需要養肥的狗養肥了。比喻事情發展不符合自己的期許。以前重男輕女的社會裡，常用來描述兒子不上進，女兒卻力爭上游的情況。|https://sutian.moe.edu.tw//zh-hant/su/27189/
258|豬岫毋值狗岫穩。|Ti-siū m̄-ta̍t káu-siū ún.|slang|豬舍不如狗窩安穩。意即金窩銀窩不如自己的狗窩。|https://sutian.moe.edu.tw//zh-hant/su/27191/
259|豬頭毋顧，顧鴨母卵。|Ti-thâu m̄ kòo, kòo ah-bó nn̄g.|slang|祭拜鬼神時不顧豬頭，只守著鴨蛋。比喻放著重要的事不管，反而去管次要的。|https://sutian.moe.edu.tw//zh-hant/su/27192/
260|豬頭皮炸無油。|Ti-thâu-phuê tsuànn bô iû.|slang|豬頭皮炸不出油來。用來比喻一個人不具真才實學，好吹牛，所言空洞，說不出大道理。|https://sutian.moe.edu.tw//zh-hant/su/27193/
261|恬恬食三碗公半。|Tiām-tiām tsia̍h sann uánn-kong puànn.|slang|靜靜的吃掉三碗公半。形容悶聲不響、莫測高深的人，平時不動聲色，不為人所注意，但卻會做出令人意想不到的事情。|https://sutian.moe.edu.tw//zh-hant/su/27049/
262|得失土地公，飼無雞。|Tik-sit Thóo-tī-kong, tshī bô ke.|slang|得罪土地公，則養不活雞。比喻做事若得罪有權勢或影響力的要角，恐將吃不完兜著走。|https://sutian.moe.edu.tw//zh-hant/su/27110/
263|頂港有名聲，下港上出名。|Tíng-káng ū miâ-siann, ē-káng siōng tshut-miâ.|slang|在臺灣北部有名氣，在臺灣南部最出名。形容聲名遠播，遠近馳名。|https://sutian.moe.edu.tw//zh-hant/su/27125/
264|頂司管下司，鋤頭管畚箕。|Tíng-si kuán ē-si, tî-thâu kuán pùn-ki.|slang|上司管束下屬，鋤頭牽制畚箕。形容社會有階層，一層管一層，分層管理，層層節制。|https://sutian.moe.edu.tw//zh-hant/su/27124/
265|張持無蝕本。|Tiunn-tî bô si̍h-pún.|slang|凡事謹慎小心不會吃虧。形容遇事謹慎處理，有益無害。|https://sutian.moe.edu.tw//zh-hant/su/27109/
266|斷掌查埔做相公，斷掌查某守空房。|Tn̄g-tsiúnn tsa-poo tsò siùnn-kang, tn̄g-tsiúnn tsa-bóo tsiú khang-pâng.|slang|斷掌的男子可以做大官，斷掌的女子會獨守空房。意為男子斷掌則個性比較果斷，所以適合當官；女子斷掌是剋夫命，會守寡。「斷掌」是指手掌有一條橫向貫穿手掌的掌紋，按命相言，斷掌者乃有決斷力、能幹之人，這種舊思維是以往命相師的無稽之談，不宜輕信。|https://sutian.moe.edu.tw//zh-hant/su/27216/
267|倒吊無墨水。|Tò-tiàu bô ba̍k-tsuí.|slang|把人倒掛卻連一滴墨水都流不出來。形容人沒學問，胸無點墨。|https://sutian.moe.edu.tw//zh-hant/su/27080/
268|桌頂食飯，桌跤放屎。|Toh-tíng tsia̍h-pn̄g, toh-kha pàng-sái.|slang|人家請你吃飯，卻在桌底下排泄糞便。引申為受人恩惠而不知報答，反而做出對不起恩人的事情。|https://sutian.moe.edu.tw//zh-hant/su/27087/
269|查埔也著疼，查某也著晟。|Tsa-poo iā tio̍h thiànn, tsa-bóo iā tio̍h tshiânn.|slang|勸人養兒不可重男輕女，不管是男孩或女孩都要一樣疼惜扶養。|https://sutian.moe.edu.tw//zh-hant/su/27054/
270|查埔囝得田園，查某囝得嫁粧。|Tsa-poo-kiánn tit tshân-hn̂g, tsa-bóo-kiánn tit kè-tsng.|slang|兒子分得家產，女兒得到嫁妝。早期臺灣家庭財產分配的傳統做法，在父母過世後，田宅等不動產由兒子繼承，女兒則是出嫁時給嫁妝。|https://sutian.moe.edu.tw//zh-hant/su/27055/
271|財子壽三字全。|Tsâi-tsú-siū sann jī tsuân.|slang|錢財、子女、長壽三項都齊全。用來表示一個人樣樣俱足，幸福美滿。|https://sutian.moe.edu.tw//zh-hant/su/27099/
272|在生一粒豆，較贏死了拜豬頭。|Tsāi-senn tsi̍t lia̍p tāu, khah iânn sí-liáu pài ti-thâu.|slang|父母健在的時候吃兒女孝敬的一顆豆子，勝過去世後兒女才以豬頭來祭拜。提醒人行孝要及時；又指死後子女以盛大喪禮祭拜，雖是風光，卻不如父母在生時略盡奉養之責，只有生前奉養才是真的孝順。傳統禮俗，父母去世時，要準備豬頭做祭拜的大牲禮。|https://sutian.moe.edu.tw//zh-hant/su/26991/
273|十二月食菜頭，六月才轉嗽。|Tsa̍p-jī-gue̍h tsia̍h tshài-thâu, la̍k-gue̍h tsiah tńg-sàu.|slang|十二月時吃了蘿蔔，到了隔年六月才咳嗽。指人反應遲鈍，事過境遷才做出反應。|https://sutian.moe.edu.tw//zh-hant/su/26901/
274|十二生相變透透。|Tsa̍p-jī senn-siùnn pìnn-thàu-thàu.|slang|各種不同的職業都嘗試遍了。形容一個人經常更換職業，沒有定性，難有成就。|https://sutian.moe.edu.tw//zh-hant/su/26902/
275|十囝十新婦，賰一个老寡婦。|Tsa̍p kiánn tsa̍p sin-pū, tshun tsi̍t ê lāu kuá-hū.|slang|十個兒子娶了十個媳婦，卻留下一個年老守寡的媽媽沒人照料。形容兒子大了各自成家，年老守寡的母親卻無人願意照顧。|https://sutian.moe.edu.tw//zh-hant/su/26903/
276|雜唸大家出蠻皮新婦。|Tsa̍p-liām ta-ke tshut bân-phuê sin-pū.|slang|婆婆嘮叨久了，媳婦就不在乎責罵。意即有嘮叨的長輩或上司，就會有頑固不化的晚輩或部屬。|https://sutian.moe.edu.tw//zh-hant/su/27219/
277|十指伸出，無平長。|Tsa̍p tsáinn tshun-tshut, bô pênn tn̂g.|slang|十根手指頭伸出來，長短也不一樣。勸誡為人子女者，若是覺得父母有時對待子女厚此薄彼、有所不公，不要過於在意。因為這是很自然的現象，就像十根手指頭長在同一個身體上，但長度卻都不一樣。|https://sutian.moe.edu.tw//zh-hant/su/26904/
278|十喙九尻川。|Tsa̍p tshuì káu kha-tshng.|slang|十張嘴九個屁股。「十喙」諧音「雜喙」，「九尻川」諧音「狗尻川」，比喻人多嘴雜，個個像在放狗屁。|https://sutian.moe.edu.tw//zh-hant/su/26905/
279|坐予正，得人疼。|Tsē hōo tsiànn, tit lâng thiànn.|slang|坐姿端正，才會惹人疼愛。本為嫁娶儀式時，媒人、長輩常會說的吉祥話。引申為勸誡人要端正儀容姿態，才能讓人留下好印象。|https://sutian.moe.edu.tw//zh-hant/su/27023/
280|菜蟲食菜，菜跤死。|Tshài thâng tsia̍h tshài, tshài-kha sí.|slang|菜蟲吃菜葉，死於菜株下。勸人勿作奸犯科，否則最後終將玩火自焚。|https://sutian.moe.edu.tw//zh-hant/su/27149/
281|田螺含水過冬。|Tshân-lê kâm tsuí kuè tang.|slang|田螺含些許水份度過寒冬。比喻窮人含辛度日，等待時機。|https://sutian.moe.edu.tw//zh-hant/su/26980/
282|草地親家坐大位。|Tsháu-tē tshin-ke tsē tuā-uī.|slang|城裡人家辦喜宴時，來自鄉村的親家雖然衣著較寒酸，仍請他坐上位。即不因他人身世背景，而輕忽了待客之道。|https://sutian.moe.edu.tw//zh-hant/su/27097/
283|臭頭仔嘛會做皇帝，做總統你嘛有機會。|Tshàu-thâu-á mā ē tsò hông-tè, tsò tsóng-thóng lí mā ū ki-huē.|slang|瘌痢頭也能當皇帝，當總統你也有機會。英雄不怕出身低，只要肯奮鬥，都可能有出頭天的機會。|https://sutian.moe.edu.tw//zh-hant/su/27096/
284|生狂狗食無屎。|Tshenn-kông káu tsia̍h bô sái.|slang|狗若過於慌張、急促，就連屎都吃不到。誡人處事不可操之過急，過於急躁反而會失敗。|https://sutian.moe.edu.tw//zh-hant/su/26975/
285|青盲貓咬著死鳥鼠。|Tshenn-mê niau kā-tio̍h sí niáu-tshí.|slang|瞎眼的貓咬到死老鼠。比喻誤打誤撞，通常用在表示運氣很好。|https://sutian.moe.edu.tw//zh-hant/su/27043/
286|生食都無夠，哪有通曝乾。|Tshenn tsia̍h to bô-kàu, ná ū thang pha̍k-kuann.|slang|生吃都不夠了，哪有多餘的可以曬乾。「曝乾」通常是指食物過剩時曬乾儲存。比喻現實生活已捉襟見肘，對未來的日子更不敢奢望。|https://sutian.moe.edu.tw//zh-hant/su/26977/
287|飼囝無論飯，飼爸母算頓。|Tshī kiánn bô-lūn pn̄g, tshī pē-bú sǹg tǹg.|slang|父母養育兒女，不會去計較孩子的飯量，兒女奉養父母時，卻會計算父母吃了幾頓飯。這句話說明有些人養育子女和奉養父母時心態上的差異，以及兄弟輪流奉養父母時常常斤斤計較的現象。|https://sutian.moe.edu.tw//zh-hant/su/27178/
288|飼鳥鼠，咬布袋。|Tshī niáu-tshí, kā pòo-tē.|slang|餵養老鼠，老鼠卻咬破布袋偷吃米。比喻善待親信卻遭其背叛，亦即養虎貽患。|https://sutian.moe.edu.tw//zh-hant/su/27179/
289|千金買厝，萬金買厝邊。|Tshian-kim bé tshù, bān kim bé tshù-pinn.|slang|千金買房子，萬金買好鄰居。形容敦親睦鄰之重要，或指擇鄰而處，好的鄰居對居住品質的影響很大。|https://sutian.moe.edu.tw//zh-hant/su/26923/
290|千算萬算，毋值天一劃。|Tshian sǹg bān sǹg, m̄-ta̍t thinn tsi̍t ue̍h.|slang|形容人百般算計仍敵不過老天爺的輕輕一筆，把之前的努力都一筆勾銷。說明人再如何汲汲營營算計，遇見天災或意外，還是不敵自然的力量。也指人的經營算計不敵命運的捉弄。|https://sutian.moe.edu.tw//zh-hant/su/26925/
291|千途萬途，毋值得翻田塗。|Tshian tôo bān tôo, m̄ ta̍t-tit huan tshân thôo.|slang|相較於各行各業，耕田才是最務實的行業。反映早期重農輕商的思想。|https://sutian.moe.edu.tw//zh-hant/su/26924/
292|清明無轉厝，無祖；過年無轉厝，無某。|Tshing-bîng bô tńg tshù, bô tsóo; kuè-nî bô tńg tshù, bô bóo.|slang|清明節不回家祭祖掃墓，會背負背祖忘本之名，而過年不回家的出外人，可能是無家庭觀念或是沒妻小的人。說明逢年過節在人民心中的重要性，含有慎終追遠、重視家庭的意義存在。|https://sutian.moe.edu.tw//zh-hant/su/27116/
293|七仔較興八仔。|Tshit--á khah hìng peh--á.|slang|一個比一個興趣高。形容兩人都有興致。|https://sutian.moe.edu.tw//zh-hant/su/26884/
294|七月半鴨仔，毋知死活。|Tshit-gue̍h-puànn ah-á, m̄ tsai sí-ua̍h.|slang|七月半的鴨子，不知死活。七月半指農曆7月15日，也就是「中元普渡」，為臺灣民間信仰祭拜孤魂野鬼的日子。民間信仰中雞是祭神的供品，拜鬼只能用鴨子，故有此說。形容人沒有憂患意識，不知大難臨頭。|https://sutian.moe.edu.tw//zh-hant/su/26882/
295|七坐八爬九發牙。|Tshit tsē peh pê káu huat-gê.|slang|七坐八爬九長牙。指嬰兒成長有一定的程序，通常是七個月大時學會坐、八個月大學會爬、九個月大時就長乳牙。|https://sutian.moe.edu.tw//zh-hant/su/26883/
296|手曲，屈入無屈出。|Tshiú-khiau, khut-ji̍p bô khut-tshut.|slang|胳臂向內彎，不會向外彎。比喻人都比較會袒護自己人，不會幫外人。可用於表示袒護自己人是應該的，也可用於譴責幫外人的人。|https://sutian.moe.edu.tw//zh-hant/su/26951/
297|手抱孩兒，才知爸母時。|Tshiú phō hâi-jî, tsiah tsai pē-bú sî.|slang|親手抱著自己的小孩時，才能夠真正體會為人父母養育兒女的不易與辛勞。勸人要感念父母的養育之恩，孝順父母。|https://sutian.moe.edu.tw//zh-hant/su/26952/
298|樹頭徛予在，毋驚樹尾做風颱。|Tshiū-thâu khiā hōo tsāi, m̄ kiann tshiū-bué tsò-hong-thai.|slang|樹根要是穩固了，就不怕樹梢被颱風吹襲。比喻要固本。指人行事正直無私、光明磊落，不怕任何的惡意中傷。|https://sutian.moe.edu.tw//zh-hant/su/27198/
299|喙飽目睭枵。|Tshuì pá ba̍k-tsiu iau.|slang|已經吃得很飽了，但眼睛還是盯著餐桌上的美饌佳餚不放，一直想繼續再吃。比喻為一個人貪得無厭。|https://sutian.moe.edu.tw//zh-hant/su/27129/
300|喙食，予尻川坐數。|Tshuì tsia̍h, hōo kha-tshng tshē-siàu.|slang|嘴巴吃進去，讓屁股承擔後果。意即貪圖味覺享受而亂吃，拉肚子時受苦的卻是屁股。比喻貪圖一時的好處，自己得承受後果。引申為一人之誤，卻由他人代為受罪承擔。|https://sutian.moe.edu.tw//zh-hant/su/27127/
301|喙脣皮相款待。|Tshuì-tûn-phuê sio khuán-thāi.|slang|光用嘴巴說些體面話互相招待。比喻人只是口頭上敷衍，並非真心幫助。|https://sutian.moe.edu.tw//zh-hant/su/27128/
302|春雺曝死鬼，夏雺做大水。|Tshun bông pha̍k-sí kuí, hā bông tsò-tuā-tsuí.|slang|春天起霧曬死鬼，夏天起霧鬧水災。此為前人經過長期觀察、累積經驗而來的氣象諺語。春天早晨若大霧籠罩，濕氣很重，霧氣一旦散開後就會是大晴天甚至是大熱天；夏天早晨若大霧籠罩，白天時空氣對流旺盛下，暖空氣上升，容易形成大雷雨甚至造成水災。|https://sutian.moe.edu.tw//zh-hant/su/27051/
303|春天後母面，欲變一時間。|Tshun-thinn āu-bú-bīn, beh piàn tsi̍t-sî-kan.|slang|春天繼母臉，要變一剎那。以人前人後表現截然不同的繼母形容春季的天氣多變。舊時代，繼母給人的形象都很差，對待繼子繼女，人前慈愛，人後虐待，因此被用來形容春天的天氣。|https://sutian.moe.edu.tw//zh-hant/su/27050/
304|食米毋知米價。|Tsia̍h bí m̄ tsai bí kè.|slang|吃米飯不曉得米的價錢。形容只知享受，不知生活疾苦的人。|https://sutian.moe.edu.tw//zh-hant/su/27067/
305|食無三把蕹菜，就欲上西天。|Tsia̍h bô sann pé ìng-tshài, tō beh tsiūnn se-thian.|slang|吃不到三把空心菜，就妄想可以上西天了。諷刺人不肯腳踏實地，妄想一步登天。|https://sutian.moe.edu.tw//zh-hant/su/27071/
306|食魚食肉，也著菜佮。|Tsia̍h hî tsia̍h bah, iā tio̍h tshài kah.|slang|吃魚吃肉，也要兼吃蔬菜。表示飲食要均衡身體才會健康。|https://sutian.moe.edu.tw//zh-hant/su/27070/
307|食好鬥相報。|Tsia̍h hó tàu sio-pò.|slang|吃到好東西，對外廣為介紹。引申為若有好東西，大家會口耳相傳。|https://sutian.moe.edu.tw//zh-hant/su/27066/
308|食雞，會起家；食鰇魚，生囡仔好育飼。|Tsia̍h ke, ē khí-ke; tsia̍h jiû-hî, senn gín-á hó io-tshī.|slang|吃雞，會使家道興盛；吃魷魚，生下來的小孩容易養育。借諧音的吉祥話，說出心中的祝福。搬新家、結婚、生子、宴會時皆可以使用。|https://sutian.moe.edu.tw//zh-hant/su/27077/
309|食緊挵破碗。|Tsia̍h-kín lòng-phuà uánn.|slang|吃得太快打破碗。用來比喻人做事情若只一心求快，反而容易造成反效果。|https://sutian.moe.edu.tw//zh-hant/su/27076/
310|食果子拜樹頭；食米飯拜田頭。|Tsia̍h kué-tsí pài tshiū-thâu; tsia̍h bí-pn̄g pài tshân-thâu.|slang|吃水果，要拜謝樹根；吃米飯，要拜謝田地。指人要懂得感恩，飲水思源，不可忘本。通常僅單用「食果子拜樹頭」一句。|https://sutian.moe.edu.tw//zh-hant/su/27068/
311|食人頭鍾酒，講人頭句話。|Tsia̍h lâng thâu tsing tsiú, kóng lâng thâu kù uē.|slang|喝第一杯酒，講第一句話。主人通常會請宴席上的長者或貴賓第一個講話，講話者常用此句作為開場白表示僭越、自謙之意。|https://sutian.moe.edu.tw//zh-hant/su/27065/
312|食人一口，報人一斗。|Tsia̍h lâng tsi̍t kháu, pò lâng tsi̍t táu.|slang|吃人一口，要回報一斗。意為受人恩惠時要感恩圖報，並加倍奉還。|https://sutian.moe.edu.tw//zh-hant/su/27063/
313|食人一斤，也著還人四兩。|Tsia̍h lâng tsi̍t kin, iā tio̍h hîng lâng sì niú.|slang|吃了他人一斤的糧食，最少得還人家四兩。指受人恩惠，縱然自己很困苦，多少總要擠一點出來報答別人。比喻知恩圖報。進一步引申，告誡世人不要隨便收受他人饋贈，拿人家的都要奉還，天下沒有白吃的午餐。|https://sutian.moe.edu.tw//zh-hant/su/27064/
314|食飽換枵。|Tsia̍h-pá uānn iau.|slang|先吃飽再把肚子搞餓。形容人徒勞無功，做沒有實質好處的事情；或用來謙稱自己所為只是消磨時間，微不足道。引申為不該做的事卻去做、不該管的事卻去管，諷人自找麻煩，吃飽撐著沒事幹。|https://sutian.moe.edu.tw//zh-hant/su/27075/
315|食飯皇帝大。|Tsia̍h-pn̄g hông-tè tuā.|slang|吃飯的時候跟皇帝一樣大。意為吃飯最重要，不管什麼事都不得干擾，等用餐完畢後，再行處理。|https://sutian.moe.edu.tw//zh-hant/su/27073/
316|食甜食鹹，臭跤鼻臁。|Tsia̍h tinn tsia̍h kiâm, tshàu kha-phīnn-liâm.|slang|又吃甜的又吃鹹的，小腿前面會生瘡。用來勸誡人飲食要有節度，注意均衡的營養和衛生。「跤鼻臁」是小腿脛骨，與食物沒有直接關係，僅是順口的比喻。|https://sutian.moe.edu.tw//zh-hant/su/27069/
317|食著藥，青草一葉；食毋著藥，人參一石。|Tsia̍h tio̍h io̍h, tshenn-tsháu tsi̍t hio̍h; tsia̍h m̄-tio̍h io̍h, jîn-sim tsi̍t tsio̍h.|slang|吃對藥，一葉的藥草就能見效；吃錯藥，吃再多高價珍貴的人參也無效。比喻做事要能切中要點、掌握關鍵，才不會徒勞無功，而能有事半功倍之效。|https://sutian.moe.edu.tw//zh-hant/su/27072/
318|食碗內，說碗外。|Tsia̍h uánn-lāi, sueh uánn-guā.|slang|吃碗內的東西，卻說碗外的東西好。享受親近的人給予的好處，到最後卻為外人說話，暗諷人吃裡扒外，不知感恩。|https://sutian.moe.edu.tw//zh-hant/su/27074/
319|捷罵袂聽，捷拍袂疼。|Tsia̍p mē bē thiann, tsia̍p phah bē thiànn.|slang|常罵不聽話，常打不怕痛。意為頻繁的打罵教育，其懲罰效果就會愈來愈低。|https://sutian.moe.edu.tw//zh-hant/su/27112/
320|盡人事，順天意。|Tsīn jîn-sū, sūn thinn-ì.|slang|凡事盡力而為，結果就交給老天安排。意即盡人事，聽天命。|https://sutian.moe.edu.tw//zh-hant/su/27185/
321|錢四跤，人兩跤。|Tsînn sì kha, lâng nn̄g kha.|slang|錢有四條腿，人只有兩條腿。以錢的腿比人腿多，跑得比人快，來比喻賺錢的辛苦與不易。|https://sutian.moe.edu.tw//zh-hant/su/27201/
322|這溪無魚，別溪釣。|Tsit khe bô hî, pa̍t khe tiò.|slang|釣魚時，這條溪釣不到魚，不要氣餒，可到另一條溪釣釣看。比喻某處無法謀生時，可到別處另尋出路。|https://sutian.moe.edu.tw//zh-hant/su/27122/
323|一面抹壁雙面光。|Tsi̍t bīn buah-piah siang bīn kng.|slang|用灰匙將水泥塗抹在牆面，壁面和灰匙都很平滑光亮。比喻為人處事圓融，兩方都不得罪。|https://sutian.moe.edu.tw//zh-hant/su/26867/
324|一某無人知，兩某相卸代。|Tsi̍t bóo bô lâng tsai, nn̄g bóo sio-sià-tāi.|slang|只有一個妻子不會受人注意，要是有大小老婆就會爭吵不斷，家醜外揚。形容有妻有妾者家中常有爭執，受人嘲笑。|https://sutian.moe.edu.tw//zh-hant/su/26866/
325|一个某較好三个天公祖。|Tsi̍t ê bóo khah hó sann ê Thinn-kong-tsóo.|slang|有個妻子勝過三尊天公的庇佑。引申為有一賢內助持家，勝過老天爺保佑。|https://sutian.moe.edu.tw//zh-hant/su/26881/
326|一个囡仔較鬧熱三个大人。|Tsi̍t ê gín-á khah lāu-jia̍t sann ê tuā-lâng.|slang|一個小孩比三個大人在一起還熱鬧。小孩天真活潑，不時活蹦亂跳，大人也爭相哄他寵他，往往會逗得大人們笑呵呵。所以家裡有小孩子，氣氛會顯得熱鬧又活絡。|https://sutian.moe.edu.tw//zh-hant/su/26880/
327|一个人一款命。|Tsi̍t ê lâng tsi̍t khuán miā.|slang|一個人一種命。每個人的命運、際遇各不相同，不用怨天尤人，要腳踏實地。|https://sutian.moe.edu.tw//zh-hant/su/26879/
328|一个錢拍二十四个結。|Tsi̍t ê tsînn phah jī-tsa̍p-sì ê kat.|slang|一個錢打二十四個結。譏諷人吝於用錢，視財如命。|https://sutian.moe.edu.tw//zh-hant/su/26854/
329|一耳空入，一耳空出。|Tsi̍t hīnn-khang ji̍p, tsi̍t hīnn-khang tshut.|slang|右耳進、左耳出。聽過的話記不住，或聽而不聞。比喻不用心或者善忘。|https://sutian.moe.edu.tw//zh-hant/su/26863/
330|一鄉一俗。|Tsi̍t hiong tsi̍t sio̍k.|slang|一個鄉鎮一種風俗。指各地有不同的風俗習慣。|https://sutian.moe.edu.tw//zh-hant/su/26874/
331|一分錢，一分貨。|Tsi̍t hun tsînn, tsi̍t hun huè.|slang|買東西時，所付的價錢跟貨物的品質直接相關。貨物以好壞論價，花多少錢，就得到價值相當的東西。|https://sutian.moe.edu.tw//zh-hant/su/26853/
332|一樣米飼百樣人。|Tsi̍t iūnn bí tshī pah iūnn lâng.|slang|一種米養百種人。人的食物差異不大，但人的個性千差萬別。比喻這個社會上有著各式各樣、形形色色的人。|https://sutian.moe.edu.tw//zh-hant/su/26877/
333|一日徙栽，三日徛黃。|Tsi̍t ji̍t suá-tsai, sann ji̍t khiā-n̂g.|slang|苗木移植一次得枯黃好幾天才會恢復生機。比喻經常變換工作難以累積實力，以致難有成效。勉勵做人做事要有定性，老是見異思遷則有害無利。或指常常更換環境，以致難以適應。|https://sutian.moe.edu.tw//zh-hant/su/26859/
334|一日剃頭，三日緣投。|Tsi̍t ji̍t thì-thâu, sann ji̍t iân-tâu.|slang|理一次髮，可以英俊個三天。理髮後會使人看起來清爽有神，自己順眼，別人也會有好印象。|https://sutian.moe.edu.tw//zh-hant/su/26857/
335|一日討海，三日曝網。|Tsi̍t ji̍t thó-hái, sann ji̍t pha̍k bāng.|slang|捕一天魚，卻三天在曬魚網；引申為人懶惰，工作一天，休息三天。比喻一曝十寒。|https://sutian.moe.edu.tw//zh-hant/su/26858/
336|一日走拋拋，一暝點燈膋。|Tsi̍t ji̍t tsáu-pha-pha, tsi̍t mê tiám ting-lâ.|slang|整天到處遊蕩，夜裡挑燈夜戰。形容人白天只顧著玩樂，夜裡才拚命趕工，比喻本末倒置。|https://sutian.moe.edu.tw//zh-hant/su/26856/
337|一枝草，一點露。|Tsi̍t ki tsháu, tsi̍t tiám lōo.|slang|意為有草就有露水滋潤它。比喻天無絕人之路，只要努力，自有生路；也指天生我才必有用。|https://sutian.moe.edu.tw//zh-hant/su/26865/
338|一句話三角六尖。|Tsi̍t kù uē sann kak la̍k tsiam.|slang|一句話尖銳帶角。形容講話的時候話中帶刺；也指言語銳利，出言不遜、容易傷人。「三」與「六」只是形容多，非實數。|https://sutian.moe.edu.tw//zh-hant/su/26861/
339|一人煩惱一樣，無人煩惱親像。|Tsi̍t lâng huân-ló tsi̍t iūnn, bô lâng huân-ló tshin-tshiūnn.|slang|每個人都有各自的煩惱，而煩惱擔憂的事情也都不一樣。意謂家家有本難念的經。|https://sutian.moe.edu.tw//zh-hant/su/26850/
340|一人看出一家，新婦看出大家。|Tsi̍t lâng khuànn-tshut tsi̍t ke, sin-pū khuànn-tshut ta-ke.|slang|由一個人的談吐舉止可看出其家庭的教養；由媳婦的行事作風可看出其婆婆的為人。亦即言教、身教對一個人有很大的影響。|https://sutian.moe.edu.tw//zh-hant/su/26849/
341|一人一家代，公媽隨人祀。|Tsi̍t lâng tsi̍t ke tāi, kong-má suî-lâng tshāi.|slang|每一個人有自家的事，祖先牌位也由各人祭祀。意謂自家管自家的事，祖先牌位也隨自家的方式祭祀。用於勸人管好自己的事就好，不要管別人家的閒事。|https://sutian.moe.edu.tw//zh-hant/su/26848/
342|一粒米，百粒汗。|Tsi̍t lia̍p bí, pah lia̍p kuānn.|slang|每一粒米都是農夫流下許多汗水，辛苦栽種出來的。指農夫種田辛勞，糧食得來不易，勸人不要任意浪費。|https://sutian.moe.edu.tw//zh-hant/su/26872/
343|一粒田螺煮九碗公湯。|Tsi̍t lia̍p tshân-lê tsú káu uánn-kong thng.|slang|一隻田螺煮九海碗湯。形容生活貧苦，或比喻沒有真材實料，只是灌水充數。|https://sutian.moe.edu.tw//zh-hant/su/26871/
344|一暝全頭路，天光無半步。|Tsi̍t mê tsuân thâu-lōo, thinn-kng bô-puànn-pōo.|slang|整個晚上計畫很多事情，天亮後卻沒有半點方法。形容人光說不練，只會紙上談兵。|https://sutian.moe.edu.tw//zh-hant/su/26876/
345|一年換二十四个頭家。|Tsi̍t nî uānn jī-tsa̍p-sì ê thâu-ke.|slang|一年換了二十四個雇主。形容人做事沒有定性，無法專心學習，時常換工作，最後一事無成。|https://sutian.moe.edu.tw//zh-hant/su/26862/
346|一遍賊，百世賊。|Tsi̍t piàn tsha̍t, pah sì tsha̍t.|slang|僅僅偷了一次，就終生遭質疑或被認定就是小偷。引申為做了見不得人的事而殃及後代子孫。|https://sutian.moe.edu.tw//zh-hant/su/26875/
347|一步棋，一步著。|Tsi̍t pōo kî, tsi̍t pōo tio̍h.|slang|下棋時，每一步都須謹慎小心，步步為營，才能贏得勝利。意謂做事情要有計畫，深思熟慮，按部就班，才不會出錯，這樣離成功就不遠了。|https://sutian.moe.edu.tw//zh-hant/su/26864/
348|一斗較贏九石。|Tsi̍t táu khah iânn káu tsio̍h.|slang|一斗的量雖比九石的量少，但品質高，勝過大量的劣質品。喻重質不重量。|https://sutian.moe.edu.tw//zh-hant/su/26855/
349|一丈差九尺。|Tsi̍t tn̄g tsha káu tshioh.|slang|一丈還差了九尺長。即一丈與一尺還差了九尺。形容差得很遠或指完全相反。|https://sutian.moe.edu.tw//zh-hant/su/26851/
350|一千賒毋值八百現。|Tsi̍t-tshing sia m̄-ta̍t peh-pah hiān.|slang|一千元的賒帳不如八百元的現金。意即與其讓人賒帳，不如賣得便宜一點直接取得現金來得實際。|https://sutian.moe.edu.tw//zh-hant/su/26852/
351|一喙掛雙舌。|Tsi̍t tshuì kuà siang tsi̍h.|slang|一張嘴長兩個舌頭。比喻人口齒伶俐且多話；也指人信口開河，言而無信。|https://sutian.moe.edu.tw//zh-hant/su/26873/
352|一隻牛剝雙領皮。|Tsi̍t tsiah gû pak siang niá phuê.|slang|一頭牛剝兩張皮，比喻雙重剝削。一頭牛只有一張皮，剝兩張皮，表示剝削嚴重，已經超過能力可以負擔的程度。通常指沉重的賦稅或金錢的需索太重，讓人無法負擔。|https://sutian.moe.edu.tw//zh-hant/su/26869/
353|一隻蝨母嗙甲水牛大。|Tsi̍t tsiah sat-bó pòng kah tsuí-gû tuā.|slang|一隻小蝨子誇大成大水牛。意指小小的東西或事情，誇大其辭，說得天花亂墜。比喻言過其實。|https://sutian.moe.edu.tw//zh-hant/su/26870/
354|上轎才欲放尿。|Tsiūnn kiō tsiah beh pàng-jiō.|slang|新娘上花轎前才說要去小便，耽誤了時辰。比喻做事未能預先準備，事到臨頭才趕緊設法處理。|https://sutian.moe.edu.tw//zh-hant/su/26916/
355|上山看山勢，入門看人意。|Tsiūnn-suann khuànn suann-sì, ji̍p-mn̂g khuànn lâng ì.|slang|上山要觀察山勢，進門要觀察主人心意。指做人要隨時注意環境的變化，懂得察顏觀色，行事才能合宜。|https://sutian.moe.edu.tw//zh-hant/su/26914/
356|上踏枋，上眠床，無洗跤睏中央。|Tsiūnn ta̍h-pang, tsiūnn bîn-tshn̂g, bô sé kha khùn tiong-ng.|slang|踩上床前的踏板，接著上了床，不但沒洗腳還睡在床中央。比喻得寸進尺，欺人太甚。|https://sutian.moe.edu.tw//zh-hant/su/26915/
357|做牛著拖，做人著磨。|Tsò gû tio̍h thua, tsò lâng tio̍h buâ.|slang|當牛就要拖犁，當人就要承受磨難。比喻人生本來就要歷經許多勞苦與磨難，就像牛得要辛苦犁田、拖車一樣。|https://sutian.moe.edu.tw//zh-hant/su/27104/
358|做戲的欲煞，看戲的毋煞。|Tsò-hì--ê beh suah, khuànn-hì--ê m̄ suah.|slang|演戲的想收場休息了，台下的觀眾卻意猶未盡、不願離席，希望戲班繼續演下去。比喻當事人都要收手和解了，但旁觀者或看熱鬧的卻不願收場。|https://sutian.moe.edu.tw//zh-hant/su/27108/
359|做公親，貼本。|Tsò kong-tshin, thiap pún.|slang|為別人做仲裁，還賠上自己的老本。比喻賠了夫人又折兵。|https://sutian.moe.edu.tw//zh-hant/su/27103/
360|做官若清廉，食飯著攪鹽。|Tsò-kuann nā tshing-liâm, tsia̍h-pn̄g tio̍h kiáu iâm.|slang|當官若清廉，吃飯得拌鹽。意為當官如果只靠基本官俸而不貪污，生活就會過得清苦，連吃飯都只能加點鹽巴下飯。表示清官無法過富裕奢華的生活；又指清官難為或指無官不貪。|https://sutian.moe.edu.tw//zh-hant/su/27105/
361|做官騙厝內，做生理騙熟似。|Tsò-kuann phiàn tshù-lāi, tsò-sing-lí phiàn si̍k-sāi.|slang|當官的矇騙家人，做生意的欺騙熟人。意謂為官無不詐，經商無不奸。|https://sutian.moe.edu.tw//zh-hant/su/27106/
362|做著歹田望下冬，娶著歹某一世人。|Tsò-tio̍h pháinn tshân bāng ē tang, tshuā-tio̍h pháinn bóo tsi̍t-sì-lâng.|slang|種到收成不佳的田，可以期待下一個採收季；娶到惡妻可要受苦一輩子。勸人婚姻大事非兒戲，擇偶要非常謹慎。|https://sutian.moe.edu.tw//zh-hant/su/27107/
363|船過水無痕。|Tsûn kuè tsuí bô hûn.|slang|意為船駛過不久，漣漪回歸平靜，一點痕跡也沒有。用來指人忘恩負義；也指事情發生過後，沒留下一點痕跡。|https://sutian.moe.edu.tw//zh-hant/su/27121/
364|大紅花毋知䆀，圓仔花䆀毋知。|Tuā-âng-hue m̄ tsai bái, înn-á-hue bái m̄ tsai.|slang|朱槿不知自己醜，千日紅醜不自知。嘲諷人沒有察覺自己醜陋，還四處炫耀。比喻不知藏拙或不知羞恥。|https://sutian.moe.edu.tw//zh-hant/su/26933/
365|大目新娘無看見灶。|Tuā-ba̍k sin-niû bô khuànn-kìnn tsàu.|slang|大眼睛的新娘沒看到灶。通常用於揶揄人眼睛雖大，但卻看不到顯而易見的物品。|https://sutian.moe.edu.tw//zh-hant/su/26930/
366|大狗盤牆，細狗看樣。|Tuā káu puânn tshiûnn, sè káu khuànn-iūnn.|slang|大狗翻牆，小狗學樣。形容父母、長輩的所作所為，皆為子女、晚輩的學習對象，小孩會模仿大人做壞事。多用於負面意涵，強調身教的重要。|https://sutian.moe.edu.tw//zh-hant/su/26932/
367|大格雞慢啼。|Tuā-keh ke bān thî.|slang|大骨架的公雞比較慢啼叫。「格」指體格、骨架，骨架較大的公雞需要較長的時間成長，所以開始啼叫的時間也比較遲。比喻大器晚成。當人表現不盡人意，或一時不得志，尤其是小孩表現欠佳之時，常用此話鼓勵。|https://sutian.moe.edu.tw//zh-hant/su/26934/
368|大人愛趁錢，囡仔愛過年。|Tuā-lâng ài thàn-tsînn, gín-á ài kuè-nî.|slang|大人喜歡賺錢，小孩喜歡過年。於昔日農業社會，家家戶戶普遍貧窮，父母為了生活所需，只要有錢賺，就不遺餘力去做；反而是小孩子最喜歡過年，有壓歲錢可花、有新衣可穿、有糖果可吃，整日樂不可支。比喻大人、小孩各有所好。|https://sutian.moe.edu.tw//zh-hant/su/26927/
369|大人儉一喙，囡仔食甲飫。|Tuā-lâng khiām tsi̍t tshuì, gín-á tsia̍h kah uì.|slang|大人省一口，小孩吃到膩。意即大人少吃一口食物，就能讓食量較小的小孩子吃得飽，甚至吃到膩了。這是老人家疼愛小孩子的用語。|https://sutian.moe.edu.tw//zh-hant/su/26928/
370|大人生日食肉，囡仔生日食拍。|Tuā-lâng senn-ji̍t tsia̍h bah, gín-á senn-ji̍t tsia̍h phah.|slang|大人生日吃肉，小孩生日挨打。孩子的生日是母親的受難日，打孩子是提醒他母親受的苦難。小孩生日時常會藉機要求一些東西，大人就用這句押韻的話，戲謔地告訴孩子不能要求太多。|https://sutian.moe.edu.tw//zh-hant/su/26926/
371|大細目，懸低耳。|Tuā-sè-ba̍k, kuân-kē-hīnn.|slang|大小眼，高低耳。眼睛一大一小為偏心的比喻，耳朵一高一低為偏聽的比喻。用來形容人處事不公正。|https://sutian.moe.edu.tw//zh-hant/su/26935/
372|大鼎未滾，細鼎沖沖滾。|Tuā tiánn buē kún, sè tiánn tshiâng-tshiâng-kún.|slang|大鍋裡的湯還沒滾，小鍋裡的湯就滾得要掀開鍋蓋了。也就是滿瓶水不響，半瓶水響叮噹，形容有才學的人話少，一知半解的人說個不停。|https://sutian.moe.edu.tw//zh-hant/su/26938/
373|大腸告小腸。|Tuā-tn̂g kò sió-tn̂g.|slang|大腸裡沒有東西，控告小腸沒有把食物送過來。形容飢腸轆轆，肚子非常餓。|https://sutian.moe.edu.tw//zh-hant/su/26937/
374|大舌閣興喋。|Tuā-tsi̍h koh hìng thi̍h.|slang|口吃又愛說話。「喋」本指人說話結結巴巴，「興喋」在這裡指喜歡說話或插嘴。通常不指稱真正口吃的人，而是用來形容人話說不清楚，偏偏又很愛表示意見。|https://sutian.moe.edu.tw//zh-hant/su/26931/
375|大碗閣滿墘。|Tuā uánn koh buán kînn.|slang|盛得已經滿到碗的上緣來了。比喻東西量多質好，物超所值。有時引申為人心不足，貪得無厭，要得很多。|https://sutian.moe.edu.tw//zh-hant/su/26936/
376|有樣看樣，無樣家己想。|Ū iūnn khuànn iūnn, bô iūnn ka-kī siūnn.|slang|有樣學樣，沒樣自己想。意為有榜樣可學就依樣畫葫蘆，否則就自己想辦法；或指除了模仿他人，也應自行創作。|https://sutian.moe.edu.tw//zh-hant/su/27009/
377|有囝有囝命，無囝天註定。|Ū kiánn ū kiánn miā, bô kiánn thinn tsù-tiānn.|slang|有孩子是命運的安排，沒孩子是天註定的。用來安慰膝下無子的人不要過於強求。|https://sutian.moe.edu.tw//zh-hant/su/27003/
378|有量就有福。|Ū-liōng tō ū hok.|slang|有度量就有福氣。指有度量的人自然會受到上天眷顧，得到賜福。|https://sutian.moe.edu.tw//zh-hant/su/27008/
379|有燒香有保庇，有食藥有行氣。|Ū sio-hiunn ū pó-pì, ū tsia̍h io̍h ū kiânn-khì.|slang|燒香拜佛就會得到神佛保佑，吃藥就會有療效。比喻只要努力或是付出，就會有所收穫或是助益。亦即一分耕耘，一分收穫。|https://sutian.moe.edu.tw//zh-hant/su/27010/
380|有唐山公，無唐山媽。|Ū Tn̂g-suann kong, bô Tn̂g-suann má.|slang|有來自唐山的父系祖先，沒有來自唐山的母系祖先。清初在渡臺禁令下，來臺開墾者多為單身的男性，往往與當時母系社會的平埔族女性通婚，而產生此現象。|https://sutian.moe.edu.tw//zh-hant/su/27006/
